status,title,titleMalayalam,malayalamFile,manglishFile,sourceUrl,reviewNotes,reviewFile,reviewReason,sourceFile
review,Thiruvosthi Nalkuvan Vaidhikan,തിരുവോസ്തി നല്കുവാന് വൈദികൻ,malayalam/thiruvosthi-nalkuvan-vaidhikan-8331476033853071764.txt,manglish/thiruvosthi-nalkuvan-vaidhikan-8331476033853071764.txt,https://grejolyrics.blogspot.com/2023/12/thiruvosthi-nalkuvan-vaidhikan-lyrics.html,"Imported draft: check lyrics, categories, credits and permission before publishing. | Extracted URLs from content; review the external links and remaining lyric text. | Latin-script text needs review: confirm it is Manglish lyrics and remove any remaining prose. | Generated counterpart script by phonetic transliteration; review spelling and wording before publishing.",,,source/thiruvosthi-nalkuvan-vaidhikan-8331476033853071764.html
review,Muthe Muthe Ponnomane,മുത്തേ മുത്തേ പൊന്നോമനെ,malayalam/muthe-muthe-ponnomane-8934290603480965459.txt,manglish/muthe-muthe-ponnomane-8934290603480965459.txt,https://grejolyrics.blogspot.com/2023/12/muthe-muthe-ponnomane-carol-song.html,"Imported draft: check lyrics, categories, credits and permission before publishing. | Latin-script text needs review: confirm it is Manglish lyrics and remove any remaining prose.",,,source/muthe-muthe-ponnomane-8934290603480965459.html
review,St. John Maria Vianney Litany,സ്. ജോൺ മരിയ വിൻനെ ലിറ്റണി,malayalam/st-john-maria-vianney-litany-3990466344985087620.txt,manglish/st-john-maria-vianney-litany-3990466344985087620.txt,https://grejolyrics.blogspot.com/2023/08/st-john-maria-vianney-litany-karthave.html,"Imported draft: check lyrics, categories, credits and permission before publishing. | Latin-script text needs review: confirm it is Manglish lyrics and remove any remaining prose. | Generated counterpart script by phonetic transliteration; review spelling and wording before publishing.",,,source/st-john-maria-vianney-litany-3990466344985087620.html
review,Elohim Elohim,ഏലോഹിം ഏലോഹിം,malayalam/elohim-elohim-3195686028698784109.txt,manglish/elohim-elohim-3195686028698784109.txt,https://grejolyrics.blogspot.com/2023/06/elohim-elohim-lyrics-maria-kolady-don.html,"Imported draft: check lyrics, categories, credits and permission before publishing. | Latin-script text needs review: confirm it is Manglish lyrics and remove any remaining prose.",,,source/elohim-elohim-3195686028698784109.html
review,Aarokke Enne Pirinjalum,ആരൊക്കെ എന്നെ പിരിഞ്ഞാലും,malayalam/aarokke-enne-pirinjalum-3135840067172124595.txt,manglish/aarokke-enne-pirinjalum-3135840067172124595.txt,https://grejolyrics.blogspot.com/2023/03/aarokke-enne-pirinjalum.html,"Imported draft: check lyrics, categories, credits and permission before publishing. | Latin-script text needs review: confirm it is Manglish lyrics and remove any remaining prose. | Generated counterpart script by phonetic transliteration; review spelling and wording before publishing.",,,source/aarokke-enne-pirinjalum-3135840067172124595.html
review,"Nalkuvaan Illonnum, En Udalallathe","നൽകുവാൻ ഇല്ലൊന്നും, എൻ ഉടലല്ലാതെ",malayalam/nalkuvaan-illonnum-en-udalallathe-7197942041396569077.txt,manglish/nalkuvaan-illonnum-en-udalallathe-7197942041396569077.txt,https://grejolyrics.blogspot.com/2023/03/nalkuvaan-illonnum-en-udalallathe.html,"Imported draft: check lyrics, categories, credits and permission before publishing. | Latin-script text needs review: confirm it is Manglish lyrics and remove any remaining prose. | Generated counterpart script by phonetic transliteration; review spelling and wording before publishing.",,,source/nalkuvaan-illonnum-en-udalallathe-7197942041396569077.html
review,Samudhra Tharame Mary Mathe,സമുദ്ര താരമേ മറിയ മതി,malayalam/samudhra-tharame-mary-mathe-3929917685043671372.txt,manglish/samudhra-tharame-mary-mathe-3929917685043671372.txt,https://grejolyrics.blogspot.com/2023/03/samudhra-tharame-mary-mathe.html,"Imported draft: check lyrics, categories, credits and permission before publishing. | Latin-script text needs review: confirm it is Manglish lyrics and remove any remaining prose. | Generated counterpart script by phonetic transliteration; review spelling and wording before publishing.",,,source/samudhra-tharame-mary-mathe-3929917685043671372.html
review,Meghangalkidayil Prabhatha Tharam Pole,മേഘങ്ങൾക്കിടയിൽ പ്രഭാത തരം പോലെ,malayalam/meghangalkidayil-prabhatha-tharam-pole-492276410896504986.txt,manglish/meghangalkidayil-prabhatha-tharam-pole-492276410896504986.txt,https://grejolyrics.blogspot.com/2023/03/meghangalkidayil-prabhatha-tharam-pole.html,"Imported draft: check lyrics, categories, credits and permission before publishing. | Latin-script text needs review: confirm it is Manglish lyrics and remove any remaining prose. | Generated counterpart script by phonetic transliteration; review spelling and wording before publishing.",,,source/meghangalkidayil-prabhatha-tharam-pole-492276410896504986.html
review,Divya Karunyam Nee Ennil Thookenam,ദിവ്യ കാരുണ്യം നീ എന്നിൽ തൂകേണം,malayalam/divya-karunyam-nee-ennil-thookenam-4651833816810811092.txt,manglish/divya-karunyam-nee-ennil-thookenam-4651833816810811092.txt,https://grejolyrics.blogspot.com/2023/02/divya-karunyam-nee-ennil-thookenam.html,"Imported draft: check lyrics, categories, credits and permission before publishing. | Latin-script text needs review: confirm it is Manglish lyrics and remove any remaining prose.",,,source/divya-karunyam-nee-ennil-thookenam-4651833816810811092.html
review,Sneham Pakarnnora Thiri Nalamayi,ഒരു തിരിനാളമായ്,malayalam/sneham-pakarnnora-thiri-nalamayi-2126932929429033651.txt,manglish/sneham-pakarnnora-thiri-nalamayi-2126932929429033651.txt,https://grejolyrics.blogspot.com/2023/02/sneham-pakarnnora-thiri-nalamayi-oru.html,"Imported draft: check lyrics, categories, credits and permission before publishing. | Latin-script text needs review: confirm it is Manglish lyrics and remove any remaining prose. | Generated counterpart script by phonetic transliteration; review spelling and wording before publishing.",,,source/sneham-pakarnnora-thiri-nalamayi-2126932929429033651.html
review,Ennil Alinju Nee Njanaayi Theerumbol,എന്നിൽ അലിഞ്ഞു നീ ഞാനായ് തീരുമ്പോൾ,malayalam/ennil-alinju-nee-njanaayi-theerumbol-2842418325019199098.txt,manglish/ennil-alinju-nee-njanaayi-theerumbol-2842418325019199098.txt,https://grejolyrics.blogspot.com/2022/12/ennil-alinju-nee-njanaayi-theerumbol.html,"Imported draft: check lyrics, categories, credits and permission before publishing. | Latin-script text needs review: confirm it is Manglish lyrics and remove any remaining prose. | Generated counterpart script by phonetic transliteration; review spelling and wording before publishing.",,,source/ennil-alinju-nee-njanaayi-theerumbol-2842418325019199098.html
review,Pranapriya Yeshunadha,പ്രാണപ്രിയാ യേശു നാഥാ,malayalam/pranapriya-yeshunadha-5718932437769929681.txt,manglish/pranapriya-yeshunadha-5718932437769929681.txt,https://grejolyrics.blogspot.com/2022/12/pranapriya-yeshunadha-chikku-kuriakose.html,"Imported draft: check lyrics, categories, credits and permission before publishing. | Latin-script text needs review: confirm it is Manglish lyrics and remove any remaining prose.",,,source/pranapriya-yeshunadha-5718932437769929681.html
review,Parisudhan Mahonnatha Devan,പരിശുദ്ധൻ മഹോന്നതദേവൻ,malayalam/parisudhan-mahonnatha-devan-5954018946517006979.txt,manglish/parisudhan-mahonnatha-devan-5954018946517006979.txt,https://grejolyrics.blogspot.com/2022/12/parisudhan-mahonnatha-devan-hallelujah.html,"Imported draft: check lyrics, categories, credits and permission before publishing. | Latin-script text needs review: confirm it is Manglish lyrics and remove any remaining prose.",,,source/parisudhan-mahonnatha-devan-5954018946517006979.html
review,Orumathan,ഓര്മ്മത്താണ്,malayalam/orumathan-8269318234708988430.txt,manglish/orumathan-8269318234708988430.txt,https://grejolyrics.blogspot.com/2022/12/orumathan-lyrics-midhila-micheal.html,"Imported draft: check lyrics, categories, credits and permission before publishing. | Latin-script text needs review: confirm it is Manglish lyrics and remove any remaining prose. | Generated counterpart script by phonetic transliteration; review spelling and wording before publishing.",,,source/orumathan-8269318234708988430.html
review,St. Alphonsa Luthiniya (Litany),സ്. അൽഫോൻസാ ലുത്തിനിയ (ലിറ്റണി),malayalam/st-alphonsa-luthiniya-litany-4993399509680407989.txt,manglish/st-alphonsa-luthiniya-litany-4993399509680407989.txt,https://grejolyrics.blogspot.com/2022/11/st-alphonsa-luthiniya-litany-karthave.html,"Imported draft: check lyrics, categories, credits and permission before publishing. | Extracted URLs from content; review the external links and remaining lyric text. | Latin-script text needs review: confirm it is Manglish lyrics and remove any remaining prose. | Generated counterpart script by phonetic transliteration; review spelling and wording before publishing.",,,source/st-alphonsa-luthiniya-litany-4993399509680407989.html
review,St. Alphonsa Litany in Malayalam,സ്. അൽഫോൻസാ ലിറ്റണി ഇൻ മലയാളം,malayalam/st-alphonsa-litany-in-malayalam-5697368726675208668.txt,manglish/st-alphonsa-litany-in-malayalam-5697368726675208668.txt,https://grejolyrics.blogspot.com/2022/11/st-alphonsa-litany-in-malayalam-st.html,"Imported draft: check lyrics, categories, credits and permission before publishing. | Extracted URLs from content; review the external links and remaining lyric text. | Latin-script text needs review: confirm it is Manglish lyrics and remove any remaining prose. | Generated counterpart script by phonetic transliteration; review spelling and wording before publishing.",,,source/st-alphonsa-litany-in-malayalam-5697368726675208668.html
review,Thiruvosthiyay Altharayil Anayum Eeshoye,തിരുവോസ്തിയായ് അൾത്താരയിൽ അണയും ഈശോയെ,malayalam/thiruvosthiyay-altharayil-anayum-eeshoye-628239824203528285.txt,manglish/thiruvosthiyay-altharayil-anayum-eeshoye-628239824203528285.txt,https://grejolyrics.blogspot.com/2022/10/thiruvosthiyay-altharayil-anayum-eeshoye.html,"Imported draft: check lyrics, categories, credits and permission before publishing. | Latin-script text needs review: confirm it is Manglish lyrics and remove any remaining prose. | Generated counterpart script by phonetic transliteration; review spelling and wording before publishing.",,,source/thiruvosthiyay-altharayil-anayum-eeshoye-628239824203528285.html
review,Divyakarunyamai Ullil Vayen Eeshoye,ദിവ്യകാരുണ്യമായ് ഉള്ളിൽ വയ്യെന് ഈശോയെ,malayalam/divyakarunyamai-ullil-vayen-eeshoye-5350742333213369529.txt,manglish/divyakarunyamai-ullil-vayen-eeshoye-5350742333213369529.txt,https://grejolyrics.blogspot.com/2022/10/divyakarunyamai-ullil-vayen-eeshoye.html,"Imported draft: check lyrics, categories, credits and permission before publishing. | Latin-script text needs review: confirm it is Manglish lyrics and remove any remaining prose. | Generated counterpart script by phonetic transliteration; review spelling and wording before publishing.",,,source/divyakarunyamai-ullil-vayen-eeshoye-5350742333213369529.html
review,Divyakarunyame Divyamam Snehame,ദിവ്യകാരുണ്യമേ ദിവ്യമാം സ്നേഹമേ,malayalam/divyakarunyame-divyamam-snehame-8087981232765331275.txt,manglish/divyakarunyame-divyamam-snehame-8087981232765331275.txt,https://grejolyrics.blogspot.com/2022/10/divyakarunyame-divyamam-snehame-kester.html,"Imported draft: check lyrics, categories, credits and permission before publishing. | Latin-script text needs review: confirm it is Manglish lyrics and remove any remaining prose.",,,source/divyakarunyame-divyamam-snehame-8087981232765331275.html
review,Nithya Prakasham Nirakkunna Chaithanyame,നിത്യ പ്രകാശം നിറക്കുന്ന ചൈതന്യമേ,malayalam/nithya-prakasham-nirakkunna-chaithanyame-3837236159182096973.txt,manglish/nithya-prakasham-nirakkunna-chaithanyame-3837236159182096973.txt,https://grejolyrics.blogspot.com/2022/10/nithya-prakasham-nirakkunna.html,"Imported draft: check lyrics, categories, credits and permission before publishing. | Latin-script text needs review: confirm it is Manglish lyrics and remove any remaining prose. | Generated counterpart script by phonetic transliteration; review spelling and wording before publishing.",,,source/nithya-prakasham-nirakkunna-chaithanyame-3837236159182096973.html
review,Yeshuveee en kanthane,യേശുവേ എൻ കാന്തനെ,malayalam/yeshuveee-en-kanthane-6578995039075853175.txt,manglish/yeshuveee-en-kanthane-6578995039075853175.txt,https://grejolyrics.blogspot.com/2022/09/yeshuveee-en-kanthane-lyrics-shirin.html,"Imported draft: check lyrics, categories, credits and permission before publishing. | Latin-script text needs review: confirm it is Manglish lyrics and remove any remaining prose. | Generated counterpart script by phonetic transliteration; review spelling and wording before publishing.",,,source/yeshuveee-en-kanthane-6578995039075853175.html
review,Karunyathin Dhoothumayi,കാരുണ്യത്തിന് ദൂതുമായി,malayalam/karunyathin-dhoothumayi-6437801378327292232.txt,manglish/karunyathin-dhoothumayi-6437801378327292232.txt,https://grejolyrics.blogspot.com/2022/09/karunyathin-dhoothumayi-mother-teresa.html,"Imported draft: check lyrics, categories, credits and permission before publishing. | Latin-script text needs review: confirm it is Manglish lyrics and remove any remaining prose. | Generated counterpart script by phonetic transliteration; review spelling and wording before publishing.",,,source/karunyathin-dhoothumayi-6437801378327292232.html
review,Aaradhyan Yesupara,ആരാധ്യൻ യേശുപരാ,malayalam/aaradhyan-yesupara-3900976047531267961.txt,manglish/aaradhyan-yesupara-3900976047531267961.txt,https://grejolyrics.blogspot.com/2022/07/aaradhyan-yesupara.html,"Imported draft: check lyrics, categories, credits and permission before publishing. | Latin-script text needs review: confirm it is Manglish lyrics and remove any remaining prose.",,,source/aaradhyan-yesupara-3900976047531267961.html
review,Enikkai Karuthunnavan Chords,എനിക്കായ് കരുതുന്നവൻ ചോർഡ്‌സ്,malayalam/enikkai-karuthunnavan-chords-6453163812901209870.txt,manglish/enikkai-karuthunnavan-chords-6453163812901209870.txt,https://grejolyrics.blogspot.com/2022/07/enikkai-karuthunnavan-chords.html,"Imported draft: check lyrics, categories, credits and permission before publishing. | Latin-script text needs review: confirm it is Manglish lyrics and remove any remaining prose. | Generated counterpart script by phonetic transliteration; review spelling and wording before publishing.",,,source/enikkai-karuthunnavan-chords-6453163812901209870.html
review,Aakasame Kelkka Chords,ആകാശമേ കേൾക്ക ചോർഡ്‌സ്,malayalam/aakasame-kelkka-chords-8338878166529163869.txt,manglish/aakasame-kelkka-chords-8338878166529163869.txt,https://grejolyrics.blogspot.com/2022/07/aakasame-kelkka-chords.html,"Imported draft: check lyrics, categories, credits and permission before publishing. | Latin-script text needs review: confirm it is Manglish lyrics and remove any remaining prose. | Generated counterpart script by phonetic transliteration; review spelling and wording before publishing.",,,source/aakasame-kelkka-chords-8338878166529163869.html
review,Bhayamethum Illente Deivam Chords,ഭയമേതും ഇല്ലെന്റെ ഡെയ്‌വം ചോർഡ്‌സ്,malayalam/bhayamethum-illente-deivam-chords-8699411061809733870.txt,manglish/bhayamethum-illente-deivam-chords-8699411061809733870.txt,https://grejolyrics.blogspot.com/2022/07/bhayamethum-illente-deivam-chords.html,"Imported draft: check lyrics, categories, credits and permission before publishing. | Latin-script text needs review: confirm it is Manglish lyrics and remove any remaining prose. | Generated counterpart script by phonetic transliteration; review spelling and wording before publishing.",,,source/bhayamethum-illente-deivam-chords-8699411061809733870.html
review,Nanniyode Njan Sthuthi Padidum Chords,നന്ദിയോടെ ഞാൻ സ്തുതി പാടിടും ചോർഡ്‌സ്,malayalam/nanniyode-njan-sthuthi-padidum-chords-6311167082615594724.txt,manglish/nanniyode-njan-sthuthi-padidum-chords-6311167082615594724.txt,https://grejolyrics.blogspot.com/2022/07/nanniyode-njan-sthuthi-padidum-chords.html,"Imported draft: check lyrics, categories, credits and permission before publishing. | Latin-script text needs review: confirm it is Manglish lyrics and remove any remaining prose. | Generated counterpart script by phonetic transliteration; review spelling and wording before publishing.",,,source/nanniyode-njan-sthuthi-padidum-chords-6311167082615594724.html
review,Athmavam Daivame Varane Chords,ആത്മാവാം ദൈവമേ വരനെ ചോർഡ്‌സ്,malayalam/athmavam-daivame-varane-chords-2765084844258529345.txt,manglish/athmavam-daivame-varane-chords-2765084844258529345.txt,https://grejolyrics.blogspot.com/2022/07/athmavam-daivame-varane.html,"Imported draft: check lyrics, categories, credits and permission before publishing. | Latin-script text needs review: confirm it is Manglish lyrics and remove any remaining prose. | Generated counterpart script by phonetic transliteration; review spelling and wording before publishing.",,,source/athmavam-daivame-varane-chords-2765084844258529345.html
review,Parane Nin Thiru Munbil Chords,പേരാണ് നിൻ തിരു മുമ്പിൽ ചോർഡ്‌സ്,malayalam/parane-nin-thiru-munbil-chords-708365373153903714.txt,manglish/parane-nin-thiru-munbil-chords-708365373153903714.txt,https://grejolyrics.blogspot.com/2022/07/parane-nin-thiru-munbil-chords.html,"Imported draft: check lyrics, categories, credits and permission before publishing. | Latin-script text needs review: confirm it is Manglish lyrics and remove any remaining prose. | Generated counterpart script by phonetic transliteration; review spelling and wording before publishing.",,,source/parane-nin-thiru-munbil-chords-708365373153903714.html
review,Eesow nee ennil aliyuvan,ഈശോ നീ എന്നിൽ അലിയുവാനുള്ളിൽ,malayalam/eesow-nee-ennil-aliyuvan-6793572747798672385.txt,manglish/eesow-nee-ennil-aliyuvan-6793572747798672385.txt,https://grejolyrics.blogspot.com/2022/06/eesow-nee-ennil-aliyuvan.html,"Imported draft: check lyrics, categories, credits and permission before publishing. | Latin-script text needs review: confirm it is Manglish lyrics and remove any remaining prose.",,,source/eesow-nee-ennil-aliyuvan-6793572747798672385.html
review,Yesuvin Baliyakuvan,യേശുവിന് ബലിയാകുവാൻ,malayalam/yesuvin-baliyakuvan-4299376305053189568.txt,manglish/yesuvin-baliyakuvan-4299376305053189568.txt,https://grejolyrics.blogspot.com/2022/06/yeshuvin.html,"Imported draft: check lyrics, categories, credits and permission before publishing. | Latin-script text needs review: confirm it is Manglish lyrics and remove any remaining prose. | Generated counterpart script by phonetic transliteration; review spelling and wording before publishing.",,,source/yesuvin-baliyakuvan-4299376305053189568.html
review,Njan Kelkkunnu,ഞാൻ കേൾക്കുന്നു നിൻ നാദം,malayalam/njan-kelkkunnu-5406689555835594343.txt,manglish/njan-kelkkunnu-5406689555835594343.txt,https://grejolyrics.blogspot.com/2022/06/njan-kelkkunnu.html,"Imported draft: check lyrics, categories, credits and permission before publishing. | Latin-script text needs review: confirm it is Manglish lyrics and remove any remaining prose.",,,source/njan-kelkkunnu-5406689555835594343.html
review,ഇടനെഞ്ചിലെ അൾത്താരയിൽ,ഇടനെഞ്ചിലെ അൾത്താരയിൽ,malayalam/hymn-2194458275512029305.txt,manglish/hymn-2194458275512029305.txt,https://grejolyrics.blogspot.com/2022/06/blog-post.html,"Imported draft: check lyrics, categories, credits and permission before publishing. | Generated counterpart script by phonetic transliteration; review spelling and wording before publishing.",,,source/hymn-2194458275512029305.html
review,Divya Karunyame Daivame,ദിവ്യകാരുണ്ണ്യമേ ദൈവമേ,malayalam/divya-karunyame-daivame-7557686151576978693.txt,manglish/divya-karunyame-daivame-7557686151576978693.txt,https://grejolyrics.blogspot.com/2022/06/divya-karunyame-daivame.html,"Imported draft: check lyrics, categories, credits and permission before publishing. | Latin-script text needs review: confirm it is Manglish lyrics and remove any remaining prose.",,,source/divya-karunyame-daivame-7557686151576978693.html
review,Aakasham Marum Bhoothalavum Maarum,ആകാശം മാറും ഭൂതലവും മാറും,malayalam/aakasham-marum-bhoothalavum-maarum-2392154835151889010.txt,manglish/aakasham-marum-bhoothalavum-maarum-2392154835151889010.txt,https://grejolyrics.blogspot.com/2022/06/aakasham-marum-bhoothalavum-maarum.html,"Imported draft: check lyrics, categories, credits and permission before publishing. | Latin-script text needs review: confirm it is Manglish lyrics and remove any remaining prose.",,,source/aakasham-marum-bhoothalavum-maarum-2392154835151889010.html
review,Kazhchayekam Kasayil,കാഴ്ച്ചയേകാം കാസയിൽ,malayalam/kazhchayekam-kasayil-3488995732675488844.txt,manglish/kazhchayekam-kasayil-3488995732675488844.txt,https://grejolyrics.blogspot.com/2022/06/kazhchayekam-kasayil.html,"Imported draft: check lyrics, categories, credits and permission before publishing. | Latin-script text needs review: confirm it is Manglish lyrics and remove any remaining prose.",,,source/kazhchayekam-kasayil-3488995732675488844.html
review,Thalanthukal Sarvam Dhanamayi,താലന്തുകൾ സർവ്വം ദാനമായ്,malayalam/thalanthukal-sarvam-dhanamayi-872436384138121771.txt,manglish/thalanthukal-sarvam-dhanamayi-872436384138121771.txt,https://grejolyrics.blogspot.com/2022/06/thalanthukal-sarvam-dhanamayi.html,"Imported draft: check lyrics, categories, credits and permission before publishing. | Latin-script text needs review: confirm it is Manglish lyrics and remove any remaining prose.",,,source/thalanthukal-sarvam-dhanamayi-872436384138121771.html
review,Israyelin Nayaka Ente Nalla Daivame,ഇസ്രായേലിൻ നായകാ,malayalam/israyelin-nayaka-ente-nalla-daivame-4651805771293708678.txt,manglish/israyelin-nayaka-ente-nalla-daivame-4651805771293708678.txt,https://grejolyrics.blogspot.com/2022/06/israyelin-nayaka-ente-nalla-daivame.html,"Imported draft: check lyrics, categories, credits and permission before publishing. | Latin-script text needs review: confirm it is Manglish lyrics and remove any remaining prose.",,,source/israyelin-nayaka-ente-nalla-daivame-4651805771293708678.html
review,Sarvashaktha Thaathanam Eka Daivame,സർവ്വശക്ത താതനാം ഏക ദൈവമേ,malayalam/sarvashaktha-thaathanam-eka-daivame-4581727232982154826.txt,manglish/sarvashaktha-thaathanam-eka-daivame-4581727232982154826.txt,https://grejolyrics.blogspot.com/2022/06/sarvashaktha-thaathanam-eka-daivame.html,"Imported draft: check lyrics, categories, credits and permission before publishing. | Latin-script text needs review: confirm it is Manglish lyrics and remove any remaining prose.",,,source/sarvashaktha-thaathanam-eka-daivame-4581727232982154826.html
review,Jeevante Jeevanayavan,ജീവന്‍റെ ജീവൻ ആയവൻ,malayalam/jeevante-jeevanayavan-9112733166765287963.txt,manglish/jeevante-jeevanayavan-9112733166765287963.txt,https://grejolyrics.blogspot.com/2022/03/jeevante-jeevanayavan.html,"Imported draft: check lyrics, categories, credits and permission before publishing. | Latin-script text needs review: confirm it is Manglish lyrics and remove any remaining prose.",,,source/jeevante-jeevanayavan-9112733166765287963.html
review,Baliyayi Thirumunpil Nalkam,ബലിയായി തിരുമുൻപിൽ നൽകാം,malayalam/baliyayi-thirumunpil-nalkam-131438021582660190.txt,manglish/baliyayi-thirumunpil-nalkam-131438021582660190.txt,https://grejolyrics.blogspot.com/2022/02/baliyayi-thirumunpil-nalkam.html,"Imported draft: check lyrics, categories, credits and permission before publishing. | Latin-script text needs review: confirm it is Manglish lyrics and remove any remaining prose. | Generated counterpart script by phonetic transliteration; review spelling and wording before publishing.",,,source/baliyayi-thirumunpil-nalkam-131438021582660190.html
review,Nirmalamayoru Hridayamennil,നിര്‍മ്മലമായൊരു ഹൃദയമെന്നില്‍,malayalam/nirmalamayoru-hridayamennil-8275374264336443728.txt,manglish/nirmalamayoru-hridayamennil-8275374264336443728.txt,https://grejolyrics.blogspot.com/2022/02/nirmalamayoru-hridayamennil.html,"Imported draft: check lyrics, categories, credits and permission before publishing. | Latin-script text needs review: confirm it is Manglish lyrics and remove any remaining prose.",,,source/nirmalamayoru-hridayamennil-8275374264336443728.html
review,Karthavin thiru munpil vannathi,കർത്താവിന് തിരു മുൻപിൽ വന്നെത്തി,malayalam/karthavin-thiru-munpil-vannathi-7177722661123585648.txt,manglish/karthavin-thiru-munpil-vannathi-7177722661123585648.txt,https://grejolyrics.blogspot.com/2022/02/karthavin-thiru-munpil-vannathi.html,"Imported draft: check lyrics, categories, credits and permission before publishing. | Latin-script text needs review: confirm it is Manglish lyrics and remove any remaining prose. | Possible duplicate title: compare other source posts before publishing. | Generated counterpart script by phonetic transliteration; review spelling and wording before publishing.",,,source/karthavin-thiru-munpil-vannathi-7177722661123585648.html
review,St Sebastian Litany,സ് സെബാസ്റ്റ്യൻ ലിറ്റണി,malayalam/st-sebastian-litany-4345032772537248573.txt,manglish/st-sebastian-litany-4345032772537248573.txt,https://grejolyrics.blogspot.com/2022/01/st-sebastian-litany-vishudha.html,"Imported draft: check lyrics, categories, credits and permission before publishing. | Latin-script text needs review: confirm it is Manglish lyrics and remove any remaining prose. | Generated counterpart script by phonetic transliteration; review spelling and wording before publishing.",,,source/st-sebastian-litany-4345032772537248573.html
review,VIshudhanaya Sebastianose,വിശുദ്ധനായ സെബാസ്ത്യാനോസ്,malayalam/vishudhanaya-sebastianose-8315140682676800905.txt,manglish/vishudhanaya-sebastianose-8315140682676800905.txt,https://grejolyrics.blogspot.com/2022/01/vishudhanaya-sebastianose.html,"Imported draft: check lyrics, categories, credits and permission before publishing. | Latin-script text needs review: confirm it is Manglish lyrics and remove any remaining prose. | Generated counterpart script by phonetic transliteration; review spelling and wording before publishing.",,,source/vishudhanaya-sebastianose-8315140682676800905.html
review,Manikal Muzhangeedumee,മണികൾ മുഴങ്ങീടുമീ,malayalam/manikal-muzhangeedumee-93294363000065340.txt,manglish/manikal-muzhangeedumee-93294363000065340.txt,https://grejolyrics.blogspot.com/2021/12/manikal-muzhangeedumee.html,"Imported draft: check lyrics, categories, credits and permission before publishing. | Extracted URLs from content; review the external links and remaining lyric text. | Possible duplicate title: compare other source posts before publishing. | Generated counterpart script by phonetic transliteration; review spelling and wording before publishing.",,,source/manikal-muzhangeedumee-93294363000065340.html
review,Manju Peyyum Raavil,മഞ്ഞു പെയ്യും രാവിൽ,malayalam/manju-peyyum-raavil-8217624788198169065.txt,manglish/manju-peyyum-raavil-8217624788198169065.txt,https://grejolyrics.blogspot.com/2021/12/manju-peyyum-raavil-shreya-jaydeep.html,"Imported draft: check lyrics, categories, credits and permission before publishing. | Latin-script text needs review: confirm it is Manglish lyrics and remove any remaining prose. | Generated counterpart script by phonetic transliteration; review spelling and wording before publishing.",,,source/manju-peyyum-raavil-8217624788198169065.html
review,Amma Madiyil Iruthi Viralal,'അമ്മ മടിയിൽ ഇരുത്തി വിരലിൽ,malayalam/amma-madiyil-iruthi-viralal-2549680315802358022.txt,manglish/amma-madiyil-iruthi-viralal-2549680315802358022.txt,https://grejolyrics.blogspot.com/2021/12/amma-madiyiliruthi-amma-madiyiliruthi.html,"Imported draft: check lyrics, categories, credits and permission before publishing. | Latin-script text needs review: confirm it is Manglish lyrics and remove any remaining prose. | Generated counterpart script by phonetic transliteration; review spelling and wording before publishing.",,,source/amma-madiyil-iruthi-viralal-2549680315802358022.html
review,Srishtikale Stuthi Paaduvin,സൃഷ്ടികളെ സ്തുതി പാഡുവിന്,malayalam/srishtikale-stuthi-paaduvin-8117053998542017255.txt,manglish/srishtikale-stuthi-paaduvin-8117053998542017255.txt,https://grejolyrics.blogspot.com/2021/11/srishtikale-stuthi-paaduvin.html,"Imported draft: check lyrics, categories, credits and permission before publishing. | Extracted URLs from content; review the external links and remaining lyric text. | Latin-script text needs review: confirm it is Manglish lyrics and remove any remaining prose. | Generated counterpart script by phonetic transliteration; review spelling and wording before publishing.",,,source/srishtikale-stuthi-paaduvin-8117053998542017255.html
review,Sweekarichalum nadha,സ്വീകരിച്ചാലും നാഥാ,malayalam/sweekarichalum-nadha-970809225528187281.txt,manglish/sweekarichalum-nadha-970809225528187281.txt,https://grejolyrics.blogspot.com/2021/11/sweekarichalum-nadha.html,"Imported draft: check lyrics, categories, credits and permission before publishing. | Latin-script text needs review: confirm it is Manglish lyrics and remove any remaining prose. | Generated counterpart script by phonetic transliteration; review spelling and wording before publishing.",,,source/sweekarichalum-nadha-970809225528187281.html
review,Hridayam thakarnoru Naal,ഹൃദയം തകർന്നൊരു നാൾ,malayalam/hridayam-thakarnoru-naal-4641087110166798298.txt,manglish/hridayam-thakarnoru-naal-4641087110166798298.txt,https://grejolyrics.blogspot.com/2021/11/hridayam-thakarnoru-naal.html,"Imported draft: check lyrics, categories, credits and permission before publishing. | Latin-script text needs review: confirm it is Manglish lyrics and remove any remaining prose.",,,source/hridayam-thakarnoru-naal-4641087110166798298.html
review,First Friday Kudumba Prathishta Japam ( Prayer ),കുടുംബപ്രതിഷ്‌ഠാ ജപം (മാസാദ്യ വെള്ളിയാഴ്ച് ചൊല്ലേണ്ടത് ),malayalam/first-friday-kudumba-prathishta-japam-prayer-2102785157239960108.txt,manglish/first-friday-kudumba-prathishta-japam-prayer-2102785157239960108.txt,https://grejolyrics.blogspot.com/2021/11/first-friday-kudumba-prathishta-japam.html,"Imported draft: check lyrics, categories, credits and permission before publishing. | Generated counterpart script by phonetic transliteration; review spelling and wording before publishing.",,,source/first-friday-kudumba-prathishta-japam-prayer-2102785157239960108.html
review,Aadya sneham ninnill innum,ആദ്യ സ്നേഹം നിന്നില് ഇന്നും,malayalam/aadya-sneham-ninnill-innum-8516682442902092560.txt,manglish/aadya-sneham-ninnill-innum-8516682442902092560.txt,https://grejolyrics.blogspot.com/2021/10/aadya-sneham-ninnill-innum.html,"Imported draft: check lyrics, categories, credits and permission before publishing. | Latin-script text needs review: confirm it is Manglish lyrics and remove any remaining prose. | Generated counterpart script by phonetic transliteration; review spelling and wording before publishing.",,,source/aadya-sneham-ninnill-innum-8516682442902092560.html
review,Aadukalku vendi jeevane vendinjatham,ആടുകൾക്ക് വേണ്ടി ജീവൻ വേണ്ടിഞാതം,malayalam/aadukalku-vendi-jeevane-vendinjatham-8683959487997580282.txt,manglish/aadukalku-vendi-jeevane-vendinjatham-8683959487997580282.txt,https://grejolyrics.blogspot.com/2021/10/aadukalku-vendi-jeevane-vendinjatham.html,"Imported draft: check lyrics, categories, credits and permission before publishing. | Latin-script text needs review: confirm it is Manglish lyrics and remove any remaining prose. | Generated counterpart script by phonetic transliteration; review spelling and wording before publishing.",,,source/aadukalku-vendi-jeevane-vendinjatham-8683959487997580282.html
review,Aa aa aa aa... en priyan,ആ ആ ആ ആ... എൻ പ്രിയൻ,malayalam/aa-aa-aa-aa-en-priyan-2740749645200075422.txt,manglish/aa-aa-aa-aa-en-priyan-2740749645200075422.txt,https://grejolyrics.blogspot.com/2021/10/aa-aa-aa-aa-en-priyan.html,"Imported draft: check lyrics, categories, credits and permission before publishing. | Latin-script text needs review: confirm it is Manglish lyrics and remove any remaining prose. | Generated counterpart script by phonetic transliteration; review spelling and wording before publishing.",,,source/aa-aa-aa-aa-en-priyan-2740749645200075422.html
review,Aa aa aa aa ennu kanum yeshurajane,ആ ആ ആ ആ എന്ന് കാണും യേശുരാജനെ,malayalam/aa-aa-aa-aa-ennu-kanum-yeshurajane-8323627785925640849.txt,manglish/aa-aa-aa-aa-ennu-kanum-yeshurajane-8323627785925640849.txt,https://grejolyrics.blogspot.com/2021/10/aa-aa-aa-aa-ennu-kanum-yeshurajane.html,"Imported draft: check lyrics, categories, credits and permission before publishing. | Latin-script text needs review: confirm it is Manglish lyrics and remove any remaining prose. | Generated counterpart script by phonetic transliteration; review spelling and wording before publishing.",,,source/aa-aa-aa-aa-ennu-kanum-yeshurajane-8323627785925640849.html
review,Yuddhaveeran Yeshu Ente Koodeyullathaal,യുദ്ധവീരൻ യേശു എന്‍റെ കൂടെയുള്ളതാൽ,malayalam/yuddhaveeran-yeshu-ente-koodeyullathaal-6160501610953475786.txt,manglish/yuddhaveeran-yeshu-ente-koodeyullathaal-6160501610953475786.txt,https://grejolyrics.blogspot.com/2021/10/yuddhaveeran-yeshu-ente-koodeyullathaal.html,"Imported draft: check lyrics, categories, credits and permission before publishing. | Generated counterpart script by phonetic transliteration; review spelling and wording before publishing.",,,source/yuddhaveeran-yeshu-ente-koodeyullathaal-6160501610953475786.html
review,Madhuramee Nombarangal,മധുരമീ നൊന്പരങ്ങൾ,malayalam/madhuramee-nombarangal-7087025930697026216.txt,manglish/madhuramee-nombarangal-7087025930697026216.txt,https://grejolyrics.blogspot.com/2021/05/madhuramee-nombarangal-nithya-mammen.html,"Imported draft: check lyrics, categories, credits and permission before publishing. | Latin-script text needs review: confirm it is Manglish lyrics and remove any remaining prose.",,,source/madhuramee-nombarangal-7087025930697026216.html
review,AMME ENNASRAYAME,അമ്മേ എന്നാശ്രയമേ,malayalam/amme-ennasrayame-5934187810894494664.txt,manglish/amme-ennasrayame-5934187810894494664.txt,https://grejolyrics.blogspot.com/2021/04/edan-amme-ennasrayame-nithya-mammen.html,"Imported draft: check lyrics, categories, credits and permission before publishing. | Latin-script text needs review: confirm it is Manglish lyrics and remove any remaining prose.",,,source/amme-ennasrayame-5934187810894494664.html
review,En Priyane,എൻ പ്രിയനേ,malayalam/en-priyane-157263885599915559.txt,manglish/en-priyane-157263885599915559.txt,https://grejolyrics.blogspot.com/2021/04/en-priyane-srinivas-george-t-mathew.html,"Imported draft: check lyrics, categories, credits and permission before publishing. | Latin-script text needs review: confirm it is Manglish lyrics and remove any remaining prose. | Generated counterpart script by phonetic transliteration; review spelling and wording before publishing.",,,source/en-priyane-157263885599915559.html
review,Yeshuve,യേശുവേ,malayalam/yeshuve-884282782559744544.txt,manglish/yeshuve-884282782559744544.txt,https://grejolyrics.blogspot.com/2021/04/yeshuve-anil-adoor.html,"Imported draft: check lyrics, categories, credits and permission before publishing. | Latin-script text needs review: confirm it is Manglish lyrics and remove any remaining prose.",,,source/yeshuve-884282782559744544.html
review,Yeshuve ninte roopameeyente,യേശുവേ നിന്റെ രൂപമീയെന്റെ,malayalam/yeshuve-ninte-roopameeyente-704203488830329040.txt,manglish/yeshuve-ninte-roopameeyente-704203488830329040.txt,https://grejolyrics.blogspot.com/2021/04/yeshuve-ninte-roopameeyente.html,"Imported draft: check lyrics, categories, credits and permission before publishing. | Latin-script text needs review: confirm it is Manglish lyrics and remove any remaining prose. | Generated counterpart script by phonetic transliteration; review spelling and wording before publishing.",,,source/yeshuve-ninte-roopameeyente-704203488830329040.html
review,ORU GREESHMA RATHRIYIL,ഒരു ഗ്രീഷ്മ രാത്രിയിൽ,malayalam/oru-greeshma-rathriyil-7379728305198965793.txt,manglish/oru-greeshma-rathriyil-7379728305198965793.txt,https://grejolyrics.blogspot.com/2020/09/oru-greeshma-rathriyil-nithya-mammen.html,"Imported draft: check lyrics, categories, credits and permission before publishing. | Latin-script text needs review: confirm it is Manglish lyrics and remove any remaining prose.",,,source/oru-greeshma-rathriyil-7379728305198965793.html
review,Enne Nannai Ariyunnone,എന്നെ നന്നായി അറിയുന്നോനെ,malayalam/enne-nannai-ariyunnone-5079673517830623108.txt,manglish/enne-nannai-ariyunnone-5079673517830623108.txt,https://grejolyrics.blogspot.com/2020/06/enne-ariyunnone.html,"Imported draft: check lyrics, categories, credits and permission before publishing. | Latin-script text needs review: confirm it is Manglish lyrics and remove any remaining prose. | Possible duplicate title: compare other source posts before publishing. | Generated counterpart script by phonetic transliteration; review spelling and wording before publishing.",,,source/enne-nannai-ariyunnone-5079673517830623108.html
review,Enne Nannai Ariyunnone,എന്നെ നന്നായി അറിയുന്നോനെ,malayalam/enne-nannai-ariyunnone-5684777162002682360.txt,manglish/enne-nannai-ariyunnone-5684777162002682360.txt,https://grejolyrics.blogspot.com/2020/06/enne-nannai-ariyunnone.html,"Imported draft: check lyrics, categories, credits and permission before publishing. | Possible duplicate title: compare other source posts before publishing. | Generated counterpart script by phonetic transliteration; review spelling and wording before publishing.",,,source/enne-nannai-ariyunnone-5684777162002682360.html
review,Azhathil ennodu onnu idapedane,ആഴത്തിൽ എന്നോട് ഒന്ന് ഇടപെടാൻ,malayalam/azhathil-ennodu-onnu-idapedane-5873363887586051435.txt,manglish/azhathil-ennodu-onnu-idapedane-5873363887586051435.txt,https://grejolyrics.blogspot.com/2020/06/azhathil-ennodu-onnu-idapedane.html,"Imported draft: check lyrics, categories, credits and permission before publishing. | Latin-script text needs review: confirm it is Manglish lyrics and remove any remaining prose. | Generated counterpart script by phonetic transliteration; review spelling and wording before publishing.",,,source/azhathil-ennodu-onnu-idapedane-5873363887586051435.html
review,Njanonnu karayumbol,ഞാനൊന്നു കരയുമ്പോൾ,malayalam/njanonnu-karayumbol-7201244858239811237.txt,manglish/njanonnu-karayumbol-7201244858239811237.txt,https://grejolyrics.blogspot.com/2020/06/blog-post.html,"Imported draft: check lyrics, categories, credits and permission before publishing. | Latin-script text needs review: confirm it is Manglish lyrics and remove any remaining prose. | Generated counterpart script by phonetic transliteration; review spelling and wording before publishing.",,,source/njanonnu-karayumbol-7201244858239811237.html
review,Maranathale Manavanulakil,മരണത്തിലെ മാനവന്‌ലകിൽ,malayalam/maranathale-manavanulakil-1928236725208213373.txt,manglish/maranathale-manavanulakil-1928236725208213373.txt,https://grejolyrics.blogspot.com/2019/08/maranathale-manavanulakil.html,"Imported draft: check lyrics, categories, credits and permission before publishing. | Latin-script text needs review: confirm it is Manglish lyrics and remove any remaining prose. | Generated counterpart script by phonetic transliteration; review spelling and wording before publishing.",,,source/maranathale-manavanulakil-1928236725208213373.html
review,Yeshuve En Daivame,യേശുവേ എൻ ദൈവമേ,malayalam/yeshuve-en-daivame-7187565420524383363.txt,manglish/yeshuve-en-daivame-7187565420524383363.txt,https://grejolyrics.blogspot.com/2019/05/yeshuve-en-daivame-udhithane-snehithane.html,"Imported draft: check lyrics, categories, credits and permission before publishing. | Latin-script text needs review: confirm it is Manglish lyrics and remove any remaining prose. | Generated counterpart script by phonetic transliteration; review spelling and wording before publishing.",,,source/yeshuve-en-daivame-7187565420524383363.html
review,Kannedukkathe Enne Nokkunna,കണ്ണെടുക്കാതെ എന്നെ നോക്കുന്ന,malayalam/kannedukkathe-enne-nokkunna-672409257684409237.txt,manglish/kannedukkathe-enne-nokkunna-672409257684409237.txt,https://grejolyrics.blogspot.com/2019/05/kannedukathe-udhithane-snehithane.html,"Imported draft: check lyrics, categories, credits and permission before publishing. | Latin-script text needs review: confirm it is Manglish lyrics and remove any remaining prose. | Generated counterpart script by phonetic transliteration; review spelling and wording before publishing.",,,source/kannedukkathe-enne-nokkunna-672409257684409237.html
review,Yarusalem Naayaka,യെരുശലേം നായകാ,malayalam/yarusalem-naayaka-6384192211670347348.txt,manglish/yarusalem-naayaka-6384192211670347348.txt,https://grejolyrics.blogspot.com/2019/04/yarusalem-naayaka-abrahaminte.html,"Imported draft: check lyrics, categories, credits and permission before publishing. | Possible duplicate title: compare other source posts before publishing. | Generated counterpart script by phonetic transliteration; review spelling and wording before publishing.",,,source/yarusalem-naayaka-6384192211670347348.html
review,Uyirin Nadhane,ഉയിരിൻ നാഥനെ,malayalam/uyirin-nadhane-4483729093987196938.txt,manglish/uyirin-nadhane-4483729093987196938.txt,https://grejolyrics.blogspot.com/2019/04/uyirin-nadhane-joseph.html,"Imported draft: check lyrics, categories, credits and permission before publishing. | Possible duplicate title: compare other source posts before publishing. | Generated counterpart script by phonetic transliteration; review spelling and wording before publishing.",,,source/uyirin-nadhane-4483729093987196938.html
review,Uyirin Nadhane,ഉയിരിൻ നാഥനെ,malayalam/uyirin-nadhane-508725684905934652.txt,manglish/uyirin-nadhane-508725684905934652.txt,https://grejolyrics.blogspot.com/2019/04/uyirin-nadhane-joseph-movie-song.html,"Imported draft: check lyrics, categories, credits and permission before publishing. | Latin-script text needs review: confirm it is Manglish lyrics and remove any remaining prose. | Possible duplicate title: compare other source posts before publishing.",,,source/uyirin-nadhane-508725684905934652.html
review,Yeshuve Karam Neettane,യേശുവേ കരം നീട്ടാൻ,malayalam/yeshuve-karam-neettane-1179947200767058048.txt,manglish/yeshuve-karam-neettane-1179947200767058048.txt,https://grejolyrics.blogspot.com/2019/03/yeshuve-karam-neettane-prasadam.html,"Imported draft: check lyrics, categories, credits and permission before publishing. | Latin-script text needs review: confirm it is Manglish lyrics and remove any remaining prose. | Generated counterpart script by phonetic transliteration; review spelling and wording before publishing.",,,source/yeshuve-karam-neettane-1179947200767058048.html
review,Ormakal Nirayumee,ഓർമ്മകൾ നിറയുമീ അൾത്താരയിൽ,malayalam/ormakal-nirayumee-8376540164016581110.txt,manglish/ormakal-nirayumee-8376540164016581110.txt,https://grejolyrics.blogspot.com/2019/03/blog-post.html,"Imported draft: check lyrics, categories, credits and permission before publishing. | Generated counterpart script by phonetic transliteration; review spelling and wording before publishing.",,,source/ormakal-nirayumee-8376540164016581110.html
review,Yahova Than,യഹോവ തൻ,malayalam/yahova-than-6210196736310718043.txt,manglish/yahova-than-6210196736310718043.txt,https://grejolyrics.blogspot.com/2019/03/yahova-than-eesow.html,"Imported draft: check lyrics, categories, credits and permission before publishing. | Latin-script text needs review: confirm it is Manglish lyrics and remove any remaining prose. | Possible duplicate title: compare other source posts before publishing. | Generated counterpart script by phonetic transliteration; review spelling and wording before publishing.",,,source/yahova-than-6210196736310718043.html
review,Yahova Than,യഹോവ തൻ,malayalam/yahova-than-7990905786705019939.txt,manglish/yahova-than-7990905786705019939.txt,https://grejolyrics.blogspot.com/2019/03/yahova-than-eesow-malayalam-lyrics.html,"Imported draft: check lyrics, categories, credits and permission before publishing. | Possible duplicate title: compare other source posts before publishing. | Generated counterpart script by phonetic transliteration; review spelling and wording before publishing.",,,source/yahova-than-7990905786705019939.html
review,Nin Viralal,നിൻ വിരലിൽ,malayalam/nin-viralal-8037383331444679918.txt,manglish/nin-viralal-8037383331444679918.txt,https://grejolyrics.blogspot.com/2019/03/nin-viralal-eesow.html,"Imported draft: check lyrics, categories, credits and permission before publishing. | Latin-script text needs review: confirm it is Manglish lyrics and remove any remaining prose. | Generated counterpart script by phonetic transliteration; review spelling and wording before publishing.",,,source/nin-viralal-8037383331444679918.html
review,Kurishe Kurishu Marame,കുരിശേ കുരിശു മാത്രമേ,malayalam/kurishe-kurishu-marame-7573010937275722579.txt,manglish/kurishe-kurishu-marame-7573010937275722579.txt,https://grejolyrics.blogspot.com/2019/03/kurishe-kurishu-marame.html,"Imported draft: check lyrics, categories, credits and permission before publishing. | Latin-script text needs review: confirm it is Manglish lyrics and remove any remaining prose. | Generated counterpart script by phonetic transliteration; review spelling and wording before publishing.",,,source/kurishe-kurishu-marame-7573010937275722579.html
review,Gabrielinte,ഗബ്രിയേലിന്റെ,malayalam/gabrielinte-6681035135450972754.txt,manglish/gabrielinte-6681035135450972754.txt,https://grejolyrics.blogspot.com/2019/02/gabrielinte-guppy.html,"Imported draft: check lyrics, categories, credits and permission before publishing. | Latin-script text needs review: confirm it is Manglish lyrics and remove any remaining prose. | Generated counterpart script by phonetic transliteration; review spelling and wording before publishing.",,,source/gabrielinte-6681035135450972754.html
review,Ente Karthavin Vishwasathatha,എന്റെ കർത്താവിന് വിശ്വാസതത,malayalam/ente-karthavin-vishwasathatha-3239560095735096291.txt,manglish/ente-karthavin-vishwasathatha-3239560095735096291.txt,https://grejolyrics.blogspot.com/2019/02/ente-karthavin-vishwasathatha.html,"Imported draft: check lyrics, categories, credits and permission before publishing. | Latin-script text needs review: confirm it is Manglish lyrics and remove any remaining prose. | Generated counterpart script by phonetic transliteration; review spelling and wording before publishing.",,,source/ente-karthavin-vishwasathatha-3239560095735096291.html
review,Ente Mukham Vaadiyal,എന്റെ മുഖം വാദിയാൽ,malayalam/ente-mukham-vaadiyal-6642374033481614048.txt,manglish/ente-mukham-vaadiyal-6642374033481614048.txt,https://grejolyrics.blogspot.com/2019/02/ente-mukham-vaadiyal.html,"Imported draft: check lyrics, categories, credits and permission before publishing. | Latin-script text needs review: confirm it is Manglish lyrics and remove any remaining prose. | Generated counterpart script by phonetic transliteration; review spelling and wording before publishing.",,,source/ente-mukham-vaadiyal-6642374033481614048.html
review,Aradhana En Daivathinu,ആരാധനാ എൻ ദൈവത്തിനു,malayalam/aradhana-en-daivathinu-5590603346004077811.txt,manglish/aradhana-en-daivathinu-5590603346004077811.txt,https://grejolyrics.blogspot.com/2019/02/aradhana-en-daivathinu.html,"Imported draft: check lyrics, categories, credits and permission before publishing. | Latin-script text needs review: confirm it is Manglish lyrics and remove any remaining prose. | Generated counterpart script by phonetic transliteration; review spelling and wording before publishing.",,,source/aradhana-en-daivathinu-5590603346004077811.html
review,En Yeshu Allathillenikku Orashrayam,എൻ യേശു അല്ലാതില്ലെനിക്ക് ഒരാശ്രയം,malayalam/en-yeshu-allathillenikku-orashrayam-5417020465411770057.txt,manglish/en-yeshu-allathillenikku-orashrayam-5417020465411770057.txt,https://grejolyrics.blogspot.com/2019/02/en-yeshu-allathillenikku-orashrayam.html,"Imported draft: check lyrics, categories, credits and permission before publishing. | Latin-script text needs review: confirm it is Manglish lyrics and remove any remaining prose. | Generated counterpart script by phonetic transliteration; review spelling and wording before publishing.",,,source/en-yeshu-allathillenikku-orashrayam-5417020465411770057.html
review,Ennamerum Paapathal Bharamerum Jeevitham,എണ്ണമേറും പാപത്താൽ ഭരമേറും ജീവിതം,malayalam/ennamerum-paapathal-bharamerum-jeevitham-1182584961736980831.txt,manglish/ennamerum-paapathal-bharamerum-jeevitham-1182584961736980831.txt,https://grejolyrics.blogspot.com/2019/02/ennamerum-paapathal-bharamerum-jeevitham.html,"Imported draft: check lyrics, categories, credits and permission before publishing. | Latin-script text needs review: confirm it is Manglish lyrics and remove any remaining prose. | Generated counterpart script by phonetic transliteration; review spelling and wording before publishing.",,,source/ennamerum-paapathal-bharamerum-jeevitham-1182584961736980831.html
review,Yahova Thanne Daivam Ennarivin,യഹോവ തന്നേ ദൈവം എന്നറിവിൻ,malayalam/yahova-thanne-daivam-ennarivin-7952211418792793235.txt,manglish/yahova-thanne-daivam-ennarivin-7952211418792793235.txt,https://grejolyrics.blogspot.com/2019/02/yahova-thanne-daivam-ennarivin.html,"Imported draft: check lyrics, categories, credits and permission before publishing. | Latin-script text needs review: confirm it is Manglish lyrics and remove any remaining prose. | Generated counterpart script by phonetic transliteration; review spelling and wording before publishing.",,,source/yahova-thanne-daivam-ennarivin-7952211418792793235.html
review,Pranapriya Yeshunadha Chords,പ്രാണപ്രിയ യേശുനാഥാ ചോർഡ്‌സ്,malayalam/pranapriya-yeshunadha-chords-7157133934285442294.txt,manglish/pranapriya-yeshunadha-chords-7157133934285442294.txt,https://grejolyrics.blogspot.com/2019/02/pranapriya-yeshunadha-chords.html,"Imported draft: check lyrics, categories, credits and permission before publishing. | Latin-script text needs review: confirm it is Manglish lyrics and remove any remaining prose. | Generated counterpart script by phonetic transliteration; review spelling and wording before publishing.",,,source/pranapriya-yeshunadha-chords-7157133934285442294.html
review,Yahova Yire,യഹോവ യിരെ,malayalam/yahova-yire-6193130789808245406.txt,manglish/yahova-yire-6193130789808245406.txt,https://grejolyrics.blogspot.com/2019/02/yahova-yire-nee-mathram-mathi-chords.html,"Imported draft: check lyrics, categories, credits and permission before publishing. | Latin-script text needs review: confirm it is Manglish lyrics and remove any remaining prose. | Generated counterpart script by phonetic transliteration; review spelling and wording before publishing.",,,source/yahova-yire-6193130789808245406.html
review,Amma Yenna Randaksharathil,അമ്മ എന്ന രണ്ടക്ഷരത്തിൽ,malayalam/amma-yenna-randaksharathil-2397966592136915942.txt,manglish/amma-yenna-randaksharathil-2397966592136915942.txt,https://grejolyrics.blogspot.com/2019/02/amma-enna-randaksharathil.html,"Imported draft: check lyrics, categories, credits and permission before publishing. | Latin-script text needs review: confirm it is Manglish lyrics and remove any remaining prose. | Generated counterpart script by phonetic transliteration; review spelling and wording before publishing.",,,source/amma-yenna-randaksharathil-2397966592136915942.html
review,Nallidaya,നല്ലിടയ,malayalam/nallidaya-9055538932577983740.txt,manglish/nallidaya-9055538932577983740.txt,https://grejolyrics.blogspot.com/2019/02/nallidaya.html,"Imported draft: check lyrics, categories, credits and permission before publishing. | Latin-script text needs review: confirm it is Manglish lyrics and remove any remaining prose. | Generated counterpart script by phonetic transliteration; review spelling and wording before publishing.",,,source/nallidaya-9055538932577983740.html
review,Manju Peyyunna Rathri,മഞ്ഞു പെയ്യുന്ന രാത്രി,malayalam/manju-peyyunna-rathri-3183341688813281657.txt,manglish/manju-peyyunna-rathri-3183341688813281657.txt,https://grejolyrics.blogspot.com/2018/12/manju-peyyunna-rathri.html,"Imported draft: check lyrics, categories, credits and permission before publishing. | Mixed scripts occur within lyric lines; verify the script separation. | Latin-script text needs review: confirm it is Manglish lyrics and remove any remaining prose.",,,source/manju-peyyunna-rathri-3183341688813281657.html
review,KiluKilukkam cheppukale,കിലുകിലുക്കം ചെപ്പുകളെ,malayalam/kilukilukkam-cheppukale-4971774901850449220.txt,manglish/kilukilukkam-cheppukale-4971774901850449220.txt,https://grejolyrics.blogspot.com/2018/12/kilukilukkam-cheppukale.html,"Imported draft: check lyrics, categories, credits and permission before publishing. | Latin-script text needs review: confirm it is Manglish lyrics and remove any remaining prose. | Generated counterpart script by phonetic transliteration; review spelling and wording before publishing.",,,source/kilukilukkam-cheppukale-4971774901850449220.html
review,Ullam Niraye Snehavumayi,ഉള്ളം നിറയെ സ്നേഹവുമായി,malayalam/ullam-niraye-snehavumayi-8741984081086153814.txt,manglish/ullam-niraye-snehavumayi-8741984081086153814.txt,https://grejolyrics.blogspot.com/2018/11/ullam-niraye-snehavumayi.html,"Imported draft: check lyrics, categories, credits and permission before publishing. | Latin-script text needs review: confirm it is Manglish lyrics and remove any remaining prose. | Generated counterpart script by phonetic transliteration; review spelling and wording before publishing.",,,source/ullam-niraye-snehavumayi-8741984081086153814.html
review,Neeyente Velicham,നീയെന്റെ വെളിച്ചം,malayalam/neeyente-velicham-8891942218272488713.txt,manglish/neeyente-velicham-8891942218272488713.txt,https://grejolyrics.blogspot.com/2018/10/neeyente-velicham.html,"Imported draft: check lyrics, categories, credits and permission before publishing. | Latin-script text needs review: confirm it is Manglish lyrics and remove any remaining prose. | Generated counterpart script by phonetic transliteration; review spelling and wording before publishing.",,,source/neeyente-velicham-8891942218272488713.html
review,Sathya nayaka,സത്യാ നായക,malayalam/sathya-nayaka-4695172272599582099.txt,manglish/sathya-nayaka-4695172272599582099.txt,https://grejolyrics.blogspot.com/2018/10/sathya-nayaka.html,"Imported draft: check lyrics, categories, credits and permission before publishing. | Latin-script text needs review: confirm it is Manglish lyrics and remove any remaining prose. | Generated counterpart script by phonetic transliteration; review spelling and wording before publishing.",,,source/sathya-nayaka-4695172272599582099.html
review,Vaazhthidunnithaa,വാഴ്ത്തിടുന്നിതാ,malayalam/vaazhthidunnithaa-6153743887068493955.txt,manglish/vaazhthidunnithaa-6153743887068493955.txt,https://grejolyrics.blogspot.com/2018/10/vaazhthidunnithaa.html,"Imported draft: check lyrics, categories, credits and permission before publishing. | Latin-script text needs review: confirm it is Manglish lyrics and remove any remaining prose. | Generated counterpart script by phonetic transliteration; review spelling and wording before publishing.",,,source/vaazhthidunnithaa-6153743887068493955.html
review,Samarpanathin Samayamayi,സമർപ്പണത്തിന് സമയമായി,malayalam/samarpanathin-samayamayi-956569022357533925.txt,manglish/samarpanathin-samayamayi-956569022357533925.txt,https://grejolyrics.blogspot.com/2018/09/samarpanathin-samayamayi.html,"Imported draft: check lyrics, categories, credits and permission before publishing. | Latin-script text needs review: confirm it is Manglish lyrics and remove any remaining prose. | Generated counterpart script by phonetic transliteration; review spelling and wording before publishing.",,,source/samarpanathin-samayamayi-956569022357533925.html
review,Athmavil oru palliyundu,ആത്മാവിൽ ഒരു പള്ളിയുണ്ട്,malayalam/athmavil-oru-palliyundu-5271975310087645334.txt,manglish/athmavil-oru-palliyundu-5271975310087645334.txt,https://grejolyrics.blogspot.com/2018/09/athmavil-oru-palliyundu.html,"Imported draft: check lyrics, categories, credits and permission before publishing. | Latin-script text needs review: confirm it is Manglish lyrics and remove any remaining prose. | Generated counterpart script by phonetic transliteration; review spelling and wording before publishing.",,,source/athmavil-oru-palliyundu-5271975310087645334.html
review,Divyakarunyame balivedhiyil,ദിവ്യകാരുണ്യമേ ബലിവേദിയിൽ,malayalam/divyakarunyame-balivedhiyil-3872815581975206838.txt,manglish/divyakarunyame-balivedhiyil-3872815581975206838.txt,https://grejolyrics.blogspot.com/2018/09/divyakakunyame-balivedhiyil.html,"Imported draft: check lyrics, categories, credits and permission before publishing. | Latin-script text needs review: confirm it is Manglish lyrics and remove any remaining prose. | Generated counterpart script by phonetic transliteration; review spelling and wording before publishing.",,,source/divyakarunyame-balivedhiyil-3872815581975206838.html
review,Nanma nerum amma,നന്മ നേരും അമ്മ,malayalam/nanma-nerum-amma-1394908578747116532.txt,manglish/nanma-nerum-amma-1394908578747116532.txt,https://grejolyrics.blogspot.com/2018/08/nanma-nerum-amma.html,"Imported draft: check lyrics, categories, credits and permission before publishing. | Latin-script text needs review: confirm it is Manglish lyrics and remove any remaining prose. | Generated counterpart script by phonetic transliteration; review spelling and wording before publishing.",,,source/nanma-nerum-amma-1394908578747116532.html
review,Vaathil thurakku nee kaalame,വാതിൽ തുറക്കൂ നീ കാലമേ,malayalam/vaathil-thurakku-nee-kaalame-1709825660579722329.txt,manglish/vaathil-thurakku-nee-kaalame-1709825660579722329.txt,https://grejolyrics.blogspot.com/2018/08/vaathil-thurakku-nee-kaalame.html,"Imported draft: check lyrics, categories, credits and permission before publishing. | Latin-script text needs review: confirm it is Manglish lyrics and remove any remaining prose. | Generated counterpart script by phonetic transliteration; review spelling and wording before publishing.",,,source/vaathil-thurakku-nee-kaalame-1709825660579722329.html
review,Mariyambike Manatharil Nee,മരിയാംബികെ മനതാരിൽ നീ,malayalam/mariyambike-manatharil-nee-9158287608679569241.txt,manglish/mariyambike-manatharil-nee-9158287608679569241.txt,https://grejolyrics.blogspot.com/2018/08/mariyambike-manatharil-nee.html,"Imported draft: check lyrics, categories, credits and permission before publishing. | Latin-script text needs review: confirm it is Manglish lyrics and remove any remaining prose. | Generated counterpart script by phonetic transliteration; review spelling and wording before publishing.",,,source/mariyambike-manatharil-nee-9158287608679569241.html
review,Daivathinte Kunjalle Nee,ദൈവത്തിന്റെ കുഞ്ഞല്ലേ നീ,malayalam/daivathinte-kunjalle-nee-2799025594268571615.txt,manglish/daivathinte-kunjalle-nee-2799025594268571615.txt,https://grejolyrics.blogspot.com/2018/08/daivathinte-kunjalle-nee.html,"Imported draft: check lyrics, categories, credits and permission before publishing. | Latin-script text needs review: confirm it is Manglish lyrics and remove any remaining prose. | Generated counterpart script by phonetic transliteration; review spelling and wording before publishing.",,,source/daivathinte-kunjalle-nee-2799025594268571615.html
review,Sadaramange Pavanapadam,സാദാരമങ്ങേ പാവനപാദം,malayalam/sadaramange-pavanapadam-32427739533637971.txt,manglish/sadaramange-pavanapadam-32427739533637971.txt,https://grejolyrics.blogspot.com/2018/07/sadaramange-pavanapadam.html,"Imported draft: check lyrics, categories, credits and permission before publishing. | Latin-script text needs review: confirm it is Manglish lyrics and remove any remaining prose. | Generated counterpart script by phonetic transliteration; review spelling and wording before publishing.",,,source/sadaramange-pavanapadam-32427739533637971.html
review,Hridayathalamenthi nadha,ഹൃദയത്താലമേന്തി നാഥാ,malayalam/hridayathalamenthi-nadha-3584338935523762988.txt,manglish/hridayathalamenthi-nadha-3584338935523762988.txt,https://grejolyrics.blogspot.com/2018/07/hridayathalamenthi-nadha.html,"Imported draft: check lyrics, categories, credits and permission before publishing. | Latin-script text needs review: confirm it is Manglish lyrics and remove any remaining prose. | Generated counterpart script by phonetic transliteration; review spelling and wording before publishing.",,,source/hridayathalamenthi-nadha-3584338935523762988.html
review,Sneham Mathrem Thannone Nee,സ്നേഹം മത്രേം തന്നോനെ നീ,malayalam/sneham-mathrem-thannone-nee-2563975883333269423.txt,manglish/sneham-mathrem-thannone-nee-2563975883333269423.txt,https://grejolyrics.blogspot.com/2018/07/sneham-mathram-thannone-nee.html,"Imported draft: check lyrics, categories, credits and permission before publishing. | Latin-script text needs review: confirm it is Manglish lyrics and remove any remaining prose. | Generated counterpart script by phonetic transliteration; review spelling and wording before publishing.",,,source/sneham-mathrem-thannone-nee-2563975883333269423.html
review,Thalarnnu njan,തളർന്നു ഞാൻ,malayalam/thalarnnu-njan-2395205875066961535.txt,manglish/thalarnnu-njan-2395205875066961535.txt,https://grejolyrics.blogspot.com/2018/07/thalarnnu-njan.html,"Imported draft: check lyrics, categories, credits and permission before publishing. | Latin-script text needs review: confirm it is Manglish lyrics and remove any remaining prose. | Generated counterpart script by phonetic transliteration; review spelling and wording before publishing.",,,source/thalarnnu-njan-2395205875066961535.html
review,Baliyaai theeruvan,ബലിയായി തീരുവാൻ,malayalam/baliyaai-theeruvan-1336852870477500241.txt,manglish/baliyaai-theeruvan-1336852870477500241.txt,https://grejolyrics.blogspot.com/2018/07/baliyaai-theeruvan.html,"Imported draft: check lyrics, categories, credits and permission before publishing. | Latin-script text needs review: confirm it is Manglish lyrics and remove any remaining prose. | Generated counterpart script by phonetic transliteration; review spelling and wording before publishing.",,,source/baliyaai-theeruvan-1336852870477500241.html
review,Uruki Uruki theernidam,ഉരുകി ഉരുകി തീർന്നിടാം,malayalam/uruki-uruki-theernidam-6791393917620612824.txt,manglish/uruki-uruki-theernidam-6791393917620612824.txt,https://grejolyrics.blogspot.com/2018/07/uruki-uruki-theernidam.html,"Imported draft: check lyrics, categories, credits and permission before publishing. | Latin-script text needs review: confirm it is Manglish lyrics and remove any remaining prose. | Generated counterpart script by phonetic transliteration; review spelling and wording before publishing.",,,source/uruki-uruki-theernidam-6791393917620612824.html
review,Belivediyil beliyekuvan,ബലിവേദിയിൽ ബലിയേകുവാൻ,malayalam/belivediyil-beliyekuvan-8863400678340441226.txt,manglish/belivediyil-beliyekuvan-8863400678340441226.txt,https://grejolyrics.blogspot.com/2018/07/belivediyil-beliyekuvan.html,"Imported draft: check lyrics, categories, credits and permission before publishing. | Latin-script text needs review: confirm it is Manglish lyrics and remove any remaining prose. | Generated counterpart script by phonetic transliteration; review spelling and wording before publishing.",,,source/belivediyil-beliyekuvan-8863400678340441226.html
review,Karthavin thiru munpil vannathi,കർത്താവിന് തിരു മുൻപിൽ വന്നെത്തി,malayalam/karthavin-thiru-munpil-vannathi-5599356983819011885.txt,manglish/karthavin-thiru-munpil-vannathi-5599356983819011885.txt,https://grejolyrics.blogspot.com/2018/07/karthavin-thiru-munpil-vannathi.html,"Imported draft: check lyrics, categories, credits and permission before publishing. | Latin-script text needs review: confirm it is Manglish lyrics and remove any remaining prose. | Possible duplicate title: compare other source posts before publishing. | Generated counterpart script by phonetic transliteration; review spelling and wording before publishing.",,,source/karthavin-thiru-munpil-vannathi-5599356983819011885.html
review,Shruthiyil ivan paadum sangeetham,ശ്രുതിയിൽ ഇവാൻ പാഡും സംഗീതം,malayalam/shruthiyil-ivan-paadum-sangeetham-4984847286209120722.txt,manglish/shruthiyil-ivan-paadum-sangeetham-4984847286209120722.txt,https://grejolyrics.blogspot.com/2018/07/shruthiyil-ivan-paadum-sangeetham.html,"Imported draft: check lyrics, categories, credits and permission before publishing. | Latin-script text needs review: confirm it is Manglish lyrics and remove any remaining prose. | Generated counterpart script by phonetic transliteration; review spelling and wording before publishing.",,,source/shruthiyil-ivan-paadum-sangeetham-4984847286209120722.html
review,Altharayil kaazhchayarppikkan,അൾത്താരയിൽ കാഴ്ചയർപ്പിക്കാൻ,malayalam/altharayil-kaazhchayarppikkan-4725657160022681130.txt,manglish/altharayil-kaazhchayarppikkan-4725657160022681130.txt,https://grejolyrics.blogspot.com/2018/07/altharayil-kaazhchayarppikkan.html,"Imported draft: check lyrics, categories, credits and permission before publishing. | Latin-script text needs review: confirm it is Manglish lyrics and remove any remaining prose. | Generated counterpart script by phonetic transliteration; review spelling and wording before publishing.",,,source/altharayil-kaazhchayarppikkan-4725657160022681130.html
review,Vachanam sravikkan,വചനം ശ്രവിക്കാൻ,malayalam/vachanam-sravikkan-4003246281770898532.txt,manglish/vachanam-sravikkan-4003246281770898532.txt,https://grejolyrics.blogspot.com/2018/07/vachanam-sravikkan.html,"Imported draft: check lyrics, categories, credits and permission before publishing. | Latin-script text needs review: confirm it is Manglish lyrics and remove any remaining prose. | Generated counterpart script by phonetic transliteration; review spelling and wording before publishing.",,,source/vachanam-sravikkan-4003246281770898532.html
review,Nanniyode Njan Stuthi Padidum,നന്ദിയോടെ ഞാൻ സ്തുതി പാടിടും,malayalam/nanniyode-njan-stuthi-padidum-7237568205320284937.txt,manglish/nanniyode-njan-stuthi-padidum-7237568205320284937.txt,https://grejolyrics.blogspot.com/2018/07/nanniyode-njan-stuthi-padidum.html,"Imported draft: check lyrics, categories, credits and permission before publishing. | Latin-script text needs review: confirm it is Manglish lyrics and remove any remaining prose. | Generated counterpart script by phonetic transliteration; review spelling and wording before publishing.",,,source/nanniyode-njan-stuthi-padidum-7237568205320284937.html
review,Enodulla Nin Sneham,എന്നോടുള്ള നിന്റെ സ്നേഹം,malayalam/enodulla-nin-sneham-3525010313468875804.txt,manglish/enodulla-nin-sneham-3525010313468875804.txt,https://grejolyrics.blogspot.com/2018/06/enodulla-nin-sneham_30.html,"Imported draft: check lyrics, categories, credits and permission before publishing. | Latin-script text needs review: confirm it is Manglish lyrics and remove any remaining prose. | Generated counterpart script by phonetic transliteration; review spelling and wording before publishing.",,,source/enodulla-nin-sneham-3525010313468875804.html
review,Enodulla Nin Sarva,എന്നോടുള്ള നിൻ സർവ,malayalam/enodulla-nin-sarva-7084465552724875437.txt,manglish/enodulla-nin-sarva-7084465552724875437.txt,https://grejolyrics.blogspot.com/2018/06/enodulla-nin-sneham.html,"Imported draft: check lyrics, categories, credits and permission before publishing. | Latin-script text needs review: confirm it is Manglish lyrics and remove any remaining prose. | Generated counterpart script by phonetic transliteration; review spelling and wording before publishing.",,,source/enodulla-nin-sarva-7084465552724875437.html
review,Bharatham Kathiru Kandu,ഭാരതം കതിര് കണ്ടു,malayalam/bharatham-kathiru-kandu-6356535152786846815.txt,manglish/bharatham-kathiru-kandu-6356535152786846815.txt,https://grejolyrics.blogspot.com/2018/06/bharatham-kathiru-kandu.html,"Imported draft: check lyrics, categories, credits and permission before publishing. | Latin-script text needs review: confirm it is Manglish lyrics and remove any remaining prose. | Generated counterpart script by phonetic transliteration; review spelling and wording before publishing.",,,source/bharatham-kathiru-kandu-6356535152786846815.html
review,Esho Mariyam Ouseppe,​ഈശോ മറിയം യൗസേപ്പേ,malayalam/esho-mariyam-ouseppe-7763854501521657053.txt,manglish/esho-mariyam-ouseppe-7763854501521657053.txt,https://grejolyrics.blogspot.com/2018/06/esho-mariyam-ouseppe.html,"Imported draft: check lyrics, categories, credits and permission before publishing. | Latin-script text needs review: confirm it is Manglish lyrics and remove any remaining prose.",,,source/esho-mariyam-ouseppe-7763854501521657053.html
review,Parishudhan Parishudhan,പരിശുദ്ധൻ പരിശുദ്ധൻ,malayalam/parishudhan-parishudhan-3597494097235741577.txt,manglish/parishudhan-parishudhan-3597494097235741577.txt,https://grejolyrics.blogspot.com/2018/06/parishudhan-parishudhan-steven-samuel.html,"Imported draft: check lyrics, categories, credits and permission before publishing. | Latin-script text needs review: confirm it is Manglish lyrics and remove any remaining prose. | Generated counterpart script by phonetic transliteration; review spelling and wording before publishing.",,,source/parishudhan-parishudhan-3597494097235741577.html
review,Sarvashakthanaya Daivame Ange Njagal,സർവ്വശക്തനായ ദൈവമേ അങ്ങേ ഞങൾ,malayalam/sarvashakthanaya-daivame-ange-njagal-3154739764340731296.txt,manglish/sarvashakthanaya-daivame-ange-njagal-3154739764340731296.txt,https://grejolyrics.blogspot.com/2018/06/sarvashakthanaya-daivame-ange-njagal.html,"Imported draft: check lyrics, categories, credits and permission before publishing. | Mixed scripts occur within lyric lines; verify the script separation. | Latin-script text needs review: confirm it is Manglish lyrics and remove any remaining prose. | Generated counterpart script by phonetic transliteration; review spelling and wording before publishing.",,,source/sarvashakthanaya-daivame-ange-njagal-3154739764340731296.html
review,Abhishekathode Adhikarathode,അഭിഷേകത്തോടെ അധികാരത്തോടെ,malayalam/abhishekathode-adhikarathode-7308977753535437652.txt,manglish/abhishekathode-adhikarathode-7308977753535437652.txt,https://grejolyrics.blogspot.com/2018/06/abhishekathode-adhikarathode-steven.html,"Imported draft: check lyrics, categories, credits and permission before publishing. | Latin-script text needs review: confirm it is Manglish lyrics and remove any remaining prose. | Generated counterpart script by phonetic transliteration; review spelling and wording before publishing.",,,source/abhishekathode-adhikarathode-7308977753535437652.html
review,Thiruvosthiyaay Ennil Anayum,തിരുവോസ്തിയായ് എന്നിൽ അണയും,malayalam/thiruvosthiyaay-ennil-anayum-6268809681805130288.txt,manglish/thiruvosthiyaay-ennil-anayum-6268809681805130288.txt,https://grejolyrics.blogspot.com/2018/06/thiruvosthiyaay-ennil-anayum-ithra.html,"Imported draft: check lyrics, categories, credits and permission before publishing. | Latin-script text needs review: confirm it is Manglish lyrics and remove any remaining prose. | Generated counterpart script by phonetic transliteration; review spelling and wording before publishing.",,,source/thiruvosthiyaay-ennil-anayum-6268809681805130288.html
review,Nin Danam Njan Anubhavichu,നിൻ ദാനം ഞാൻ അനുഭവിച്ചു,malayalam/nin-danam-njan-anubhavichu-7164687532539553384.txt,manglish/nin-danam-njan-anubhavichu-7164687532539553384.txt,https://grejolyrics.blogspot.com/2018/06/nin-danam-njan-anubhavichu.html,"Imported draft: check lyrics, categories, credits and permission before publishing. | Latin-script text needs review: confirm it is Manglish lyrics and remove any remaining prose. | Generated counterpart script by phonetic transliteration; review spelling and wording before publishing.",,,source/nin-danam-njan-anubhavichu-7164687532539553384.html
review,Emmanuel Emmanuel,ഇമ്മാനുവേൽ ഇമ്മാനുവേൽ,malayalam/emmanuel-emmanuel-5602188629659266319.txt,manglish/emmanuel-emmanuel-5602188629659266319.txt,https://grejolyrics.blogspot.com/2018/06/emmanuel-emmanuel.html,"Imported draft: check lyrics, categories, credits and permission before publishing. | Latin-script text needs review: confirm it is Manglish lyrics and remove any remaining prose. | Generated counterpart script by phonetic transliteration; review spelling and wording before publishing.",,,source/emmanuel-emmanuel-5602188629659266319.html
review,Karuthunnavan Njanallayo,കരുതുന്നവൻ ഞാനല്ലയോ,malayalam/karuthunnavan-njanallayo-3156075734830075713.txt,manglish/karuthunnavan-njanallayo-3156075734830075713.txt,https://grejolyrics.blogspot.com/2018/06/karuthunnavan-njanallayo.html,"Imported draft: check lyrics, categories, credits and permission before publishing. | Latin-script text needs review: confirm it is Manglish lyrics and remove any remaining prose. | Generated counterpart script by phonetic transliteration; review spelling and wording before publishing.",,,source/karuthunnavan-njanallayo-3156075734830075713.html
review,Mriduvayi nee thodukil,മൃദുവായി നീ തൊടുകിൽ,malayalam/mriduvayi-nee-thodukil-2462281903529616722.txt,manglish/mriduvayi-nee-thodukil-2462281903529616722.txt,https://grejolyrics.blogspot.com/2018/06/mriduvayi-nee-thodukil.html,"Imported draft: check lyrics, categories, credits and permission before publishing. | Latin-script text needs review: confirm it is Manglish lyrics and remove any remaining prose. | Generated counterpart script by phonetic transliteration; review spelling and wording before publishing.",,,source/mriduvayi-nee-thodukil-2462281903529616722.html
review,Paithalam Yeshuve,പൈതലാം യേശുവേ,malayalam/paithalam-yeshuve-2963000759501376508.txt,manglish/paithalam-yeshuve-2963000759501376508.txt,https://grejolyrics.blogspot.com/2018/06/paithalam-yeshuve.html,"Imported draft: check lyrics, categories, credits and permission before publishing. | Latin-script text needs review: confirm it is Manglish lyrics and remove any remaining prose. | Generated counterpart script by phonetic transliteration; review spelling and wording before publishing.",,,source/paithalam-yeshuve-2963000759501376508.html
review,En Priyane Yeshuve,എൻ പ്രിയനേ യേശുവേ,malayalam/en-priyane-yeshuve-1540538871066675566.txt,manglish/en-priyane-yeshuve-1540538871066675566.txt,https://grejolyrics.blogspot.com/2018/06/en-priyane-yeshuve.html,"Imported draft: check lyrics, categories, credits and permission before publishing. | Latin-script text needs review: confirm it is Manglish lyrics and remove any remaining prose. | Generated counterpart script by phonetic transliteration; review spelling and wording before publishing.",,,source/en-priyane-yeshuve-1540538871066675566.html
review,Onnumillaykayil Ninnenne,ഒന്നുമില്ലായ്കയിൽ നിന്നെന്നെ,malayalam/onnumillaykayil-ninnenne-842070653112167858.txt,manglish/onnumillaykayil-ninnenne-842070653112167858.txt,https://grejolyrics.blogspot.com/2018/06/onnumillaykayil-ninnenne.html,"Imported draft: check lyrics, categories, credits and permission before publishing. | Latin-script text needs review: confirm it is Manglish lyrics and remove any remaining prose. | Generated counterpart script by phonetic transliteration; review spelling and wording before publishing.",,,source/onnumillaykayil-ninnenne-842070653112167858.html
review,Yarusalem Naayaka,യെരുശലേം നായക,malayalam/yarusalem-naayaka-3176449885860148268.txt,manglish/yarusalem-naayaka-3176449885860148268.txt,https://grejolyrics.blogspot.com/2018/06/yarusalem-naayaka-abrahaminte.html,"Imported draft: check lyrics, categories, credits and permission before publishing. | Latin-script text needs review: confirm it is Manglish lyrics and remove any remaining prose. | Possible duplicate title: compare other source posts before publishing. | Generated counterpart script by phonetic transliteration; review spelling and wording before publishing.",,,source/yarusalem-naayaka-3176449885860148268.html
review,Daivame Nin Thiruvachanangal,ദൈവമേ നിൻ തിരുവചനങ്ങൾ,malayalam/daivame-nin-thiruvachanangal-7617917366842288811.txt,manglish/daivame-nin-thiruvachanangal-7617917366842288811.txt,https://grejolyrics.blogspot.com/2018/06/daivame-nin-thiruvachanangal.html,"Imported draft: check lyrics, categories, credits and permission before publishing. | Latin-script text needs review: confirm it is Manglish lyrics and remove any remaining prose. | Generated counterpart script by phonetic transliteration; review spelling and wording before publishing.",,,source/daivame-nin-thiruvachanangal-7617917366842288811.html
review,Daivame Njangal Ange,ദൈവമേ ഞങ്ങൾ അങ്ങേ,malayalam/daivame-njangal-ange-6155691332747634210.txt,manglish/daivame-njangal-ange-6155691332747634210.txt,https://grejolyrics.blogspot.com/2018/06/daivame-njangal-ange-stothrageetham_2.html,"Imported draft: check lyrics, categories, credits and permission before publishing. | Latin-script text needs review: confirm it is Manglish lyrics and remove any remaining prose. | Generated counterpart script by phonetic transliteration; review spelling and wording before publishing.",,,source/daivame-njangal-ange-6155691332747634210.html
review,Athmavin Azahangalil,ആത്മാവിന് അസഹങ്ങളിൽ,malayalam/athmavin-azahangalil-6783154611922277227.txt,manglish/athmavin-azahangalil-6783154611922277227.txt,https://grejolyrics.blogspot.com/2018/05/athmavin-azahangalil.html,"Imported draft: check lyrics, categories, credits and permission before publishing. | Latin-script text needs review: confirm it is Manglish lyrics and remove any remaining prose. | Generated counterpart script by phonetic transliteration; review spelling and wording before publishing.",,,source/athmavin-azahangalil-6783154611922277227.html
review,Pularkala Deepamai,പുലർകാല ദീപമായി,malayalam/pularkala-deepamai-4480659509889635493.txt,manglish/pularkala-deepamai-4480659509889635493.txt,https://grejolyrics.blogspot.com/2018/05/pularkala-deepamai.html,"Imported draft: check lyrics, categories, credits and permission before publishing. | Latin-script text needs review: confirm it is Manglish lyrics and remove any remaining prose. | Generated counterpart script by phonetic transliteration; review spelling and wording before publishing.",,,source/pularkala-deepamai-4480659509889635493.html
review,Kunje Neeyen Kayyil,കുഞ്ഞേ നീയെൻ കയ്യിൽ,malayalam/kunje-neeyen-kayyil-6938342596981292545.txt,manglish/kunje-neeyen-kayyil-6938342596981292545.txt,https://grejolyrics.blogspot.com/2018/05/kunje-neeyen-kayyil.html,"Imported draft: check lyrics, categories, credits and permission before publishing. | Latin-script text needs review: confirm it is Manglish lyrics and remove any remaining prose. | Generated counterpart script by phonetic transliteration; review spelling and wording before publishing.",,,source/kunje-neeyen-kayyil-6938342596981292545.html
review,Janmamalona Kanye,ജന്മമാലോന കാന്യെ,malayalam/janmamalona-kanye-2656397162845093518.txt,manglish/janmamalona-kanye-2656397162845093518.txt,https://grejolyrics.blogspot.com/2018/04/janmamalona-kanye.html,"Imported draft: check lyrics, categories, credits and permission before publishing. | Latin-script text needs review: confirm it is Manglish lyrics and remove any remaining prose. | Generated counterpart script by phonetic transliteration; review spelling and wording before publishing.",,,source/janmamalona-kanye-2656397162845093518.html
review,Nithya Vishudhayaam Kanyamariyamme,നിത്യ വിശുദ്ധയാം കന്യാമറിയാമ്മേ,malayalam/nithya-vishudhayaam-kanyamariyamme-3121503547896200728.txt,manglish/nithya-vishudhayaam-kanyamariyamme-3121503547896200728.txt,https://grejolyrics.blogspot.com/2018/04/nithya-vishudhayaam-kanyamariyamme.html,"Imported draft: check lyrics, categories, credits and permission before publishing. | Latin-script text needs review: confirm it is Manglish lyrics and remove any remaining prose. | Generated counterpart script by phonetic transliteration; review spelling and wording before publishing.",,,source/nithya-vishudhayaam-kanyamariyamme-3121503547896200728.html
review,Nithya Sahaya Nadhe,നിത്യ സഹായ നാഥേ,malayalam/nithya-sahaya-nadhe-4281755525829848632.txt,manglish/nithya-sahaya-nadhe-4281755525829848632.txt,https://grejolyrics.blogspot.com/2018/04/nithya-sahaya-nadhe.html,"Imported draft: check lyrics, categories, credits and permission before publishing. | Latin-script text needs review: confirm it is Manglish lyrics and remove any remaining prose. | Generated counterpart script by phonetic transliteration; review spelling and wording before publishing.",,,source/nithya-sahaya-nadhe-4281755525829848632.html
review,Mangalya Soubhagyamekan,മംഗല്യ സൗഭാഗ്യമേകാൻ,malayalam/mangalya-soubhagyamekan-8265591609291268428.txt,manglish/mangalya-soubhagyamekan-8265591609291268428.txt,https://grejolyrics.blogspot.com/2018/04/mangalya-soubhagyamekan.html,"Imported draft: check lyrics, categories, credits and permission before publishing. | Latin-script text needs review: confirm it is Manglish lyrics and remove any remaining prose. | Generated counterpart script by phonetic transliteration; review spelling and wording before publishing.",,,source/mangalya-soubhagyamekan-8265591609291268428.html
review,Anandhikkuka Priya Puthri,ആനന്ദിക്കുക പ്രിയ പുത്രി,malayalam/anandhikkuka-priya-puthri-7784014100417276423.txt,manglish/anandhikkuka-priya-puthri-7784014100417276423.txt,https://grejolyrics.blogspot.com/2018/04/anandhikkuka-priya-puthri.html,"Imported draft: check lyrics, categories, credits and permission before publishing. | Latin-script text needs review: confirm it is Manglish lyrics and remove any remaining prose. | Generated counterpart script by phonetic transliteration; review spelling and wording before publishing.",,,source/anandhikkuka-priya-puthri-7784014100417276423.html
review,Malakhamar Padunna Samayam,മാലാഖമാർ പാടുന്ന സമയം,malayalam/malakhamar-padunna-samayam-8499045165546173351.txt,manglish/malakhamar-padunna-samayam-8499045165546173351.txt,https://grejolyrics.blogspot.com/2018/04/malakhamar-padunna-samayam.html,"Imported draft: check lyrics, categories, credits and permission before publishing. | Latin-script text needs review: confirm it is Manglish lyrics and remove any remaining prose. | Generated counterpart script by phonetic transliteration; review spelling and wording before publishing.",,,source/malakhamar-padunna-samayam-8499045165546173351.html
review,Snehathoovala,സ്നേഹതൂവാല,malayalam/snehathoovala-4742474175619530488.txt,manglish/snehathoovala-4742474175619530488.txt,https://grejolyrics.blogspot.com/2018/04/snehathoovala.html,"Imported draft: check lyrics, categories, credits and permission before publishing. | Latin-script text needs review: confirm it is Manglish lyrics and remove any remaining prose. | Generated counterpart script by phonetic transliteration; review spelling and wording before publishing.",,,source/snehathoovala-4742474175619530488.html
review,Jerusalemin nayakane vazhthuvin,ജെറുസലേമിൻ നായകനെ വാഴ്ത്തുവിന്,malayalam/jerusalemin-nayakane-vazhthuvin-404260400934066808.txt,manglish/jerusalemin-nayakane-vazhthuvin-404260400934066808.txt,https://grejolyrics.blogspot.com/2018/04/jerusalemin-nayakane-vazhthuvin.html,"Imported draft: check lyrics, categories, credits and permission before publishing. | Latin-script text needs review: confirm it is Manglish lyrics and remove any remaining prose. | Generated counterpart script by phonetic transliteration; review spelling and wording before publishing.",,,source/jerusalemin-nayakane-vazhthuvin-404260400934066808.html
review,Thirunama keerthanam,തിരുനാമം കീർത്തനം,malayalam/thirunama-keerthanam-6108684481892416338.txt,manglish/thirunama-keerthanam-6108684481892416338.txt,https://grejolyrics.blogspot.com/2018/03/thirunama-keerthanam.html,"Imported draft: check lyrics, categories, credits and permission before publishing. | Latin-script text needs review: confirm it is Manglish lyrics and remove any remaining prose. | Generated counterpart script by phonetic transliteration; review spelling and wording before publishing.",,,source/thirunama-keerthanam-6108684481892416338.html
review,Nasrayaneesho,നസ്രായനീശോ,malayalam/nasrayaneesho-7220775268280520864.txt,manglish/nasrayaneesho-7220775268280520864.txt,https://grejolyrics.blogspot.com/2018/03/nasrayaneesho_30.html,"Imported draft: check lyrics, categories, credits and permission before publishing. | Latin-script text needs review: confirm it is Manglish lyrics and remove any remaining prose. | Generated counterpart script by phonetic transliteration; review spelling and wording before publishing.",,,source/nasrayaneesho-7220775268280520864.html
review,Onnumillaymayil,ഒന്നുമില്ലായ്മയിൽ,malayalam/onnumillaymayil-7404026806614474836.txt,manglish/onnumillaymayil-7404026806614474836.txt,https://grejolyrics.blogspot.com/2018/03/onnumillaymayil.html,"Imported draft: check lyrics, categories, credits and permission before publishing. | Latin-script text needs review: confirm it is Manglish lyrics and remove any remaining prose. | Generated counterpart script by phonetic transliteration; review spelling and wording before publishing.",,,source/onnumillaymayil-7404026806614474836.html
review,Kandalo aalariyukilla,കണ്ടാലോ ആളറിയുകില്ല,malayalam/kandalo-aalariyukilla-8891399955573112084.txt,manglish/kandalo-aalariyukilla-8891399955573112084.txt,https://grejolyrics.blogspot.com/2018/03/kandalo-aalariyukilla.html,"Imported draft: check lyrics, categories, credits and permission before publishing. | Latin-script text needs review: confirm it is Manglish lyrics and remove any remaining prose. | Generated counterpart script by phonetic transliteration; review spelling and wording before publishing.",,,source/kandalo-aalariyukilla-8891399955573112084.html
review,Maheshwara nin,മഹേശ്വര നിൻ,malayalam/maheshwara-nin-4901556792291855411.txt,manglish/maheshwara-nin-4901556792291855411.txt,https://grejolyrics.blogspot.com/2018/03/maheshwara-nin.html,"Imported draft: check lyrics, categories, credits and permission before publishing. | Latin-script text needs review: confirm it is Manglish lyrics and remove any remaining prose. | Generated counterpart script by phonetic transliteration; review spelling and wording before publishing.",,,source/maheshwara-nin-4901556792291855411.html
review,Oshaana Paaduvin,ഓശാന പാഡുവിന്,malayalam/oshaana-paaduvin-3435357367717793677.txt,manglish/oshaana-paaduvin-3435357367717793677.txt,https://grejolyrics.blogspot.com/2018/03/oshaana-paaduvin.html,"Imported draft: check lyrics, categories, credits and permission before publishing. | Latin-script text needs review: confirm it is Manglish lyrics and remove any remaining prose. | Generated counterpart script by phonetic transliteration; review spelling and wording before publishing.",,,source/oshaana-paaduvin-3435357367717793677.html
review,Amma kanya,അമ്മ കന്യാ മണിതന്റെ,malayalam/amma-kanya-6165194162424245967.txt,manglish/amma-kanya-6165194162424245967.txt,https://grejolyrics.blogspot.com/2018/02/amma-kanya-puthen-pana.html,"Imported draft: check lyrics, categories, credits and permission before publishing. | Latin-script text needs review: confirm it is Manglish lyrics and remove any remaining prose.",,,source/amma-kanya-6165194162424245967.html
review,Kurishinte Vazhi - Kurishil Marichavane,കുരിശിന്റെ വഴി - കുരിശിൽ മരിച്ചവൻ,malayalam/kurishinte-vazhi-kurishil-marichavane-5300278848203648407.txt,manglish/kurishinte-vazhi-kurishil-marichavane-5300278848203648407.txt,https://grejolyrics.blogspot.com/2018/02/kurishinte-vazhi-kurishil-marichavane.html,"Imported draft: check lyrics, categories, credits and permission before publishing. | Latin-script text needs review: confirm it is Manglish lyrics and remove any remaining prose. | Generated counterpart script by phonetic transliteration; review spelling and wording before publishing.",,,source/kurishinte-vazhi-kurishil-marichavane-5300278848203648407.html
review,Eeshoye Krushum Thangi,ഈശോയെ ക്രൂശും താങ്ങി,malayalam/eeshoye-krushum-thangi-7908473388577357350.txt,manglish/eeshoye-krushum-thangi-7908473388577357350.txt,https://grejolyrics.blogspot.com/2018/02/eeshoye-krushum-thangi.html,"Imported draft: check lyrics, categories, credits and permission before publishing. | Latin-script text needs review: confirm it is Manglish lyrics and remove any remaining prose. | Generated counterpart script by phonetic transliteration; review spelling and wording before publishing.",,,source/eeshoye-krushum-thangi-7908473388577357350.html
review,Manushya Nee Mannakunnu,മനുഷ്യാ നീ മണ്ണാകുന്നു,malayalam/manushya-nee-mannakunnu-7503650308367450723.txt,manglish/manushya-nee-mannakunnu-7503650308367450723.txt,https://grejolyrics.blogspot.com/2018/02/manushya-nee-mannakunnu.html,"Imported draft: check lyrics, categories, credits and permission before publishing. | Latin-script text needs review: confirm it is Manglish lyrics and remove any remaining prose. | Generated counterpart script by phonetic transliteration; review spelling and wording before publishing.",,,source/manushya-nee-mannakunnu-7503650308367450723.html
review,Suvishesha Geethikal Paadaan,സുവിശേഷ ഗീതികൾ പാടാൻ,malayalam/suvishesha-geethikal-paadaan-4203442823988146008.txt,manglish/suvishesha-geethikal-paadaan-4203442823988146008.txt,https://grejolyrics.blogspot.com/2018/01/suvishesha-geethikal-paadaan.html,"Imported draft: check lyrics, categories, credits and permission before publishing. | Latin-script text needs review: confirm it is Manglish lyrics and remove any remaining prose. | Generated counterpart script by phonetic transliteration; review spelling and wording before publishing.",,,source/suvishesha-geethikal-paadaan-4203442823988146008.html
review,Aaradhicheedaam Kumbittaaraadicheedaam,ആരാധിച്ചീടാം കുമ്പിട്ടാരാധിച്ചീടാം,malayalam/aaradhicheedaam-kumbittaaraadicheedaam-8638529334469605952.txt,manglish/aaradhicheedaam-kumbittaaraadicheedaam-8638529334469605952.txt,https://grejolyrics.blogspot.com/2018/01/aaradhicheedaam-kumbittaaraadicheedaam.html,"Imported draft: check lyrics, categories, credits and permission before publishing. | Latin-script text needs review: confirm it is Manglish lyrics and remove any remaining prose. | Generated counterpart script by phonetic transliteration; review spelling and wording before publishing.",,,source/aaradhicheedaam-kumbittaaraadicheedaam-8638529334469605952.html
review,Aakaasangalil irikkum,ആകാശങ്ങളിൽ ഇരിക്കും,malayalam/aakaasangalil-irikkum-8621871294619282381.txt,manglish/aakaasangalil-irikkum-8621871294619282381.txt,https://grejolyrics.blogspot.com/2018/01/aakaasangalil-irikkum.html,"Imported draft: check lyrics, categories, credits and permission before publishing. | Latin-script text needs review: confirm it is Manglish lyrics and remove any remaining prose. | Generated counterpart script by phonetic transliteration; review spelling and wording before publishing.",,,source/aakaasangalil-irikkum-8621871294619282381.html
review,Aahlada chithirai,ആഹ്ലാദ ചിത്തിരൈ,malayalam/aahlada-chithirai-8618955999171689288.txt,manglish/aahlada-chithirai-8618955999171689288.txt,https://grejolyrics.blogspot.com/2018/01/aahlada-chithirai.html,"Imported draft: check lyrics, categories, credits and permission before publishing. | Latin-script text needs review: confirm it is Manglish lyrics and remove any remaining prose. | Generated counterpart script by phonetic transliteration; review spelling and wording before publishing.",,,source/aahlada-chithirai-8618955999171689288.html
review,Karunamayane Kaval vilakke,കരുണാമയനെ കാവൽ വിളക്കെ,malayalam/karunamayane-kaval-vilakke-1945290661656941099.txt,manglish/karunamayane-kaval-vilakke-1945290661656941099.txt,https://grejolyrics.blogspot.com/2018/01/karunamayane-kaval-vilakke.html,"Imported draft: check lyrics, categories, credits and permission before publishing. | Latin-script text needs review: confirm it is Manglish lyrics and remove any remaining prose. | Generated counterpart script by phonetic transliteration; review spelling and wording before publishing.",,,source/karunamayane-kaval-vilakke-1945290661656941099.html
review,Enthathishayame daivathin sneham,എന്തതിശയമേ ദൈവത്തിൻ സ്നേഹം,malayalam/enthathishayame-daivathin-sneham-2012624128683011300.txt,manglish/enthathishayame-daivathin-sneham-2012624128683011300.txt,https://grejolyrics.blogspot.com/2018/01/enthathishayame-daivathin-sneham.html,"Imported draft: check lyrics, categories, credits and permission before publishing. | Latin-script text needs review: confirm it is Manglish lyrics and remove any remaining prose. | Generated counterpart script by phonetic transliteration; review spelling and wording before publishing.",,,source/enthathishayame-daivathin-sneham-2012624128683011300.html
review,Puthiyoru Pulariyitha,പുതിയൊരു പുലരിയിത,malayalam/puthiyoru-pulariyitha-2225294030643581174.txt,manglish/puthiyoru-pulariyitha-2225294030643581174.txt,https://grejolyrics.blogspot.com/2018/01/puthiyoru-pulari.html,"Imported draft: check lyrics, categories, credits and permission before publishing. | Latin-script text needs review: confirm it is Manglish lyrics and remove any remaining prose. | Generated counterpart script by phonetic transliteration; review spelling and wording before publishing.",,,source/puthiyoru-pulariyitha-2225294030643581174.html
review,Varunnu njangal unni eeshoye,വരുന്നു ഞങ്ങൾ ഉണ്ണി ഈശോയേ,malayalam/varunnu-njangal-unni-eeshoye-4653959286467472125.txt,manglish/varunnu-njangal-unni-eeshoye-4653959286467472125.txt,https://grejolyrics.blogspot.com/2018/01/varunnu-njangal-unni-eeshoye.html,"Imported draft: check lyrics, categories, credits and permission before publishing. | Latin-script text needs review: confirm it is Manglish lyrics and remove any remaining prose. | Generated counterpart script by phonetic transliteration; review spelling and wording before publishing.",,,source/varunnu-njangal-unni-eeshoye-4653959286467472125.html
review,Vinnile naru punyame,വിണ്ണിലെ നാരു പുണ്യമേ,malayalam/vinnile-naru-punyame-7527446981746426914.txt,manglish/vinnile-naru-punyame-7527446981746426914.txt,https://grejolyrics.blogspot.com/2018/01/vinnile-naru-punyame.html,"Imported draft: check lyrics, categories, credits and permission before publishing. | Latin-script text needs review: confirm it is Manglish lyrics and remove any remaining prose. | Generated counterpart script by phonetic transliteration; review spelling and wording before publishing.",,,source/vinnile-naru-punyame-7527446981746426914.html
review,Sugandha vahini amme,സുഗന്ധ വാഹിനി അമ്മെ,malayalam/sugandha-vahini-amme-1407443101600964090.txt,manglish/sugandha-vahini-amme-1407443101600964090.txt,https://grejolyrics.blogspot.com/2018/01/sugandha-vahini-amme.html,"Imported draft: check lyrics, categories, credits and permission before publishing. | Latin-script text needs review: confirm it is Manglish lyrics and remove any remaining prose. | Generated counterpart script by phonetic transliteration; review spelling and wording before publishing.",,,source/sugandha-vahini-amme-1407443101600964090.html
review,Eesho nee en jeevanil,ഈശോ നീയെന്‍ ജീവനില്‍ നിറയേണം,malayalam/eesho-nee-en-jeevanil-5326263334531398831.txt,manglish/eesho-nee-en-jeevanil-5326263334531398831.txt,https://grejolyrics.blogspot.com/2018/01/esho-nee-en-jeevanil.html,"Imported draft: check lyrics, categories, credits and permission before publishing. | Latin-script text needs review: confirm it is Manglish lyrics and remove any remaining prose.",,,source/eesho-nee-en-jeevanil-5326263334531398831.html
review,Amala Manohari Amme,അമല മനോഹരി അമ്മെ,malayalam/amala-manohari-amme-5463876997957887411.txt,manglish/amala-manohari-amme-5463876997957887411.txt,https://grejolyrics.blogspot.com/2017/12/amala-manohari-amme.html,"Imported draft: check lyrics, categories, credits and permission before publishing. | Latin-script text needs review: confirm it is Manglish lyrics and remove any remaining prose. | Generated counterpart script by phonetic transliteration; review spelling and wording before publishing.",,,source/amala-manohari-amme-5463876997957887411.html
review,Doore Ninnum,ദൂരെ നിന്നും,malayalam/doore-ninnum-5978461950277127855.txt,manglish/doore-ninnum-5978461950277127855.txt,https://grejolyrics.blogspot.com/2017/12/doore-ninnum-evergreen-christmas-song.html,"Imported draft: check lyrics, categories, credits and permission before publishing. | Latin-script text needs review: confirm it is Manglish lyrics and remove any remaining prose. | Generated counterpart script by phonetic transliteration; review spelling and wording before publishing.",,,source/doore-ninnum-5978461950277127855.html
review,Rathri Rathri Rajatha Rathri,രാത്രി രാത്രി രജത രാത്രി,malayalam/rathri-rathri-rajatha-rathri-8138959059767832510.txt,manglish/rathri-rathri-rajatha-rathri-8138959059767832510.txt,https://grejolyrics.blogspot.com/2017/12/rathri-rathri-rajatha-rathri-evergreen.html,"Imported draft: check lyrics, categories, credits and permission before publishing. | Latin-script text needs review: confirm it is Manglish lyrics and remove any remaining prose. | Generated counterpart script by phonetic transliteration; review spelling and wording before publishing.",,,source/rathri-rathri-rajatha-rathri-8138959059767832510.html
review,Amme Ente Amme,അമ്മെ എന്റെ അമ്മേ,malayalam/amme-ente-amme-1699098993536111336.txt,manglish/amme-ente-amme-1699098993536111336.txt,https://grejolyrics.blogspot.com/2017/12/amme-ente-amme-uthidhane-snehithane.html,"Imported draft: check lyrics, categories, credits and permission before publishing. | Extracted URLs from content; review the external links and remaining lyric text. | Latin-script text needs review: confirm it is Manglish lyrics and remove any remaining prose. | Generated counterpart script by phonetic transliteration; review spelling and wording before publishing.",,,source/amme-ente-amme-1699098993536111336.html
review,Maname Maname,മനമേ മനമേ,malayalam/maname-maname-26028913148958186.txt,manglish/maname-maname-26028913148958186.txt,https://grejolyrics.blogspot.com/2017/12/maname-uthidhane-snehithane.html,"Imported draft: check lyrics, categories, credits and permission before publishing. | Latin-script text needs review: confirm it is Manglish lyrics and remove any remaining prose. | Generated counterpart script by phonetic transliteration; review spelling and wording before publishing.",,,source/maname-maname-26028913148958186.html
review,Daivam Thannathallathonnum,ദൈവം തന്നതല്ലാതൊന്നും,malayalam/daivam-thannathallathonnum-9213298710512552674.txt,manglish/daivam-thannathallathonnum-9213298710512552674.txt,https://grejolyrics.blogspot.com/2017/11/blog-post.html,"Imported draft: check lyrics, categories, credits and permission before publishing. | Extracted URLs from content; review the external links and remaining lyric text. | Latin-script text needs review: confirm it is Manglish lyrics and remove any remaining prose. | Generated counterpart script by phonetic transliteration; review spelling and wording before publishing.",,,source/daivam-thannathallathonnum-9213298710512552674.html
review,Oh En Yeshuve,ഓ എൻ യേശുവേ,malayalam/oh-en-yeshuve-3561691426464976845.txt,manglish/oh-en-yeshuve-3561691426464976845.txt,https://grejolyrics.blogspot.com/2017/10/oh-en-yeshuve.html,"Imported draft: check lyrics, categories, credits and permission before publishing. | Latin-script text needs review: confirm it is Manglish lyrics and remove any remaining prose. | Generated counterpart script by phonetic transliteration; review spelling and wording before publishing.",,,source/oh-en-yeshuve-3561691426464976845.html
review,Divyakarunyamai ente ullil,ദിവ്യകാരുണ്യമായ് എന്റെ ഉള്ളിൽ,malayalam/divyakarunyamai-ente-ullil-5439201552373579452.txt,manglish/divyakarunyamai-ente-ullil-5439201552373579452.txt,https://grejolyrics.blogspot.com/2017/10/divyakarunyamai-ente-ullil.html,"Imported draft: check lyrics, categories, credits and permission before publishing. | Latin-script text needs review: confirm it is Manglish lyrics and remove any remaining prose. | Generated counterpart script by phonetic transliteration; review spelling and wording before publishing.",,,source/divyakarunyamai-ente-ullil-5439201552373579452.html
review,Amme Amme Thaye,അമ്മെ അമ്മെ തായേ,malayalam/amme-amme-thaye-994937020771344566.txt,manglish/amme-amme-thaye-994937020771344566.txt,https://grejolyrics.blogspot.com/2017/10/amme-amme-thaye.html,"Imported draft: check lyrics, categories, credits and permission before publishing. | Latin-script text needs review: confirm it is Manglish lyrics and remove any remaining prose. | Generated counterpart script by phonetic transliteration; review spelling and wording before publishing.",,,source/amme-amme-thaye-994937020771344566.html
review,Thiruvosthiyaay Balivedhiyil,തിരുവോസ്തിയായ് ബലിവേദിയിൽ,malayalam/thiruvosthiyaay-balivedhiyil-82079990572922506.txt,manglish/thiruvosthiyaay-balivedhiyil-82079990572922506.txt,https://grejolyrics.blogspot.com/2017/09/thiruvosthiyaay-balivedhiyil.html,"Imported draft: check lyrics, categories, credits and permission before publishing. | Latin-script text needs review: confirm it is Manglish lyrics and remove any remaining prose. | Generated counterpart script by phonetic transliteration; review spelling and wording before publishing.",,,source/thiruvosthiyaay-balivedhiyil-82079990572922506.html
review,Rabbouni Guruve,റബ്ബോയൂനി ഗുരുവേ,malayalam/rabbouni-guruve-1176448216656492434.txt,manglish/rabbouni-guruve-1176448216656492434.txt,https://grejolyrics.blogspot.com/2017/09/rabbouni-guruve.html,"Imported draft: check lyrics, categories, credits and permission before publishing. | Latin-script text needs review: confirm it is Manglish lyrics and remove any remaining prose. | Generated counterpart script by phonetic transliteration; review spelling and wording before publishing.",,,source/rabbouni-guruve-1176448216656492434.html
review,Kai Neetti Nilkunna,കൈ നീട്ടി നിൽക്കുന്ന,malayalam/kai-neetti-nilkunna-7186763648048131829.txt,manglish/kai-neetti-nilkunna-7186763648048131829.txt,https://grejolyrics.blogspot.com/2017/09/kai-neetti-nilkunna.html,"Imported draft: check lyrics, categories, credits and permission before publishing. | Latin-script text needs review: confirm it is Manglish lyrics and remove any remaining prose. | Generated counterpart script by phonetic transliteration; review spelling and wording before publishing.",,,source/kai-neetti-nilkunna-7186763648048131829.html
review,Jerusalem Nayaka,ജെറുസലേം നായക,malayalam/jerusalem-nayaka-5851393489118217064.txt,manglish/jerusalem-nayaka-5851393489118217064.txt,https://grejolyrics.blogspot.com/2017/09/jerusalem-nayaka.html,"Imported draft: check lyrics, categories, credits and permission before publishing. | Latin-script text needs review: confirm it is Manglish lyrics and remove any remaining prose. | Generated counterpart script by phonetic transliteration; review spelling and wording before publishing.",,,source/jerusalem-nayaka-5851393489118217064.html
review,Anupama Sneha Chaithanyame,അനുപമ സ്നേഹ ചൈതന്യമേ,malayalam/anupama-sneha-chaithanyame-1662313993277326251.txt,manglish/anupama-sneha-chaithanyame-1662313993277326251.txt,https://grejolyrics.blogspot.com/2017/09/anupama-sneha-chaithanyame.html,"Imported draft: check lyrics, categories, credits and permission before publishing. | Latin-script text needs review: confirm it is Manglish lyrics and remove any remaining prose. | Generated counterpart script by phonetic transliteration; review spelling and wording before publishing.",,,source/anupama-sneha-chaithanyame-1662313993277326251.html
review,Abrahathin Daivame,അബ്രാഹത്തിന്റെ ദൈവമേ,malayalam/abrahathin-daivame-6229871529967306262.txt,manglish/abrahathin-daivame-6229871529967306262.txt,https://grejolyrics.blogspot.com/2017/09/abrahathin-daivame.html,"Imported draft: check lyrics, categories, credits and permission before publishing. | Latin-script text needs review: confirm it is Manglish lyrics and remove any remaining prose. | Generated counterpart script by phonetic transliteration; review spelling and wording before publishing.",,,source/abrahathin-daivame-6229871529967306262.html
review,Kunjilam Umma Tharaan,കുഞ്ഞിളം ഉമ്മ തരാൻ,malayalam/kunjilam-umma-tharaan-5595596796133278628.txt,manglish/kunjilam-umma-tharaan-5595596796133278628.txt,https://grejolyrics.blogspot.com/2017/09/kunjilam-umma-tharaan.html,"Imported draft: check lyrics, categories, credits and permission before publishing. | Latin-script text needs review: confirm it is Manglish lyrics and remove any remaining prose. | Generated counterpart script by phonetic transliteration; review spelling and wording before publishing.",,,source/kunjilam-umma-tharaan-5595596796133278628.html
review,Amala Manohari Mathe,അമല മനോഹരി മതി,malayalam/amala-manohari-mathe-666659799710849393.txt,manglish/amala-manohari-mathe-666659799710849393.txt,https://grejolyrics.blogspot.com/2017/09/amala-manohari-mathe.html,"Imported draft: check lyrics, categories, credits and permission before publishing. | Latin-script text needs review: confirm it is Manglish lyrics and remove any remaining prose. | Generated counterpart script by phonetic transliteration; review spelling and wording before publishing.",,,source/amala-manohari-mathe-666659799710849393.html
review,Swargavum Bhoomiyum,സ്വർഗ്ഗവും ഭൂമിയും,malayalam/swargavum-bhoomiyum-3807151630966701924.txt,manglish/swargavum-bhoomiyum-3807151630966701924.txt,https://grejolyrics.blogspot.com/2017/09/swargavum-bhoomiyum.html,"Imported draft: check lyrics, categories, credits and permission before publishing. | Latin-script text needs review: confirm it is Manglish lyrics and remove any remaining prose. | Generated counterpart script by phonetic transliteration; review spelling and wording before publishing.",,,source/swargavum-bhoomiyum-3807151630966701924.html
review,Rakshaka Ente,രക്ഷക എന്റെ,malayalam/rakshaka-ente-2090538595925049535.txt,manglish/rakshaka-ente-2090538595925049535.txt,https://grejolyrics.blogspot.com/2017/09/rakshaka-ente.html,"Imported draft: check lyrics, categories, credits and permission before publishing. | Latin-script text needs review: confirm it is Manglish lyrics and remove any remaining prose. | Generated counterpart script by phonetic transliteration; review spelling and wording before publishing.",,,source/rakshaka-ente-2090538595925049535.html
review,En Ammaye Orkkumbol,എൻ അമ്മയെ ഓർക്കുമ്പോൾ,malayalam/en-ammaye-orkkumbol-8329021910540253159.txt,manglish/en-ammaye-orkkumbol-8329021910540253159.txt,https://grejolyrics.blogspot.com/2017/09/en-ammaye-orkkumbol.html,"Imported draft: check lyrics, categories, credits and permission before publishing. | Latin-script text needs review: confirm it is Manglish lyrics and remove any remaining prose. | Generated counterpart script by phonetic transliteration; review spelling and wording before publishing.",,,source/en-ammaye-orkkumbol-8329021910540253159.html
review,Divyakarunyamakumen Thamburane,ദിവ്യകാരുണ്യമാകുമെന് തമ്പുരാനെ,malayalam/divyakarunyamakumen-thamburane-2443494175861686287.txt,manglish/divyakarunyamakumen-thamburane-2443494175861686287.txt,https://grejolyrics.blogspot.com/2017/08/divyakarunyamakumen-thamburane.html,"Imported draft: check lyrics, categories, credits and permission before publishing. | Extracted URLs from content; review the external links and remaining lyric text. | Latin-script text needs review: confirm it is Manglish lyrics and remove any remaining prose. | Generated counterpart script by phonetic transliteration; review spelling and wording before publishing.",,,source/divyakarunyamakumen-thamburane-2443494175861686287.html
review,Vanambadi Padum Polen Ullam,വാനമ്പാടി പാടും പോളിൻ ഉള്ളം,malayalam/vanambadi-padum-polen-ullam-7292802107564605966.txt,manglish/vanambadi-padum-polen-ullam-7292802107564605966.txt,https://grejolyrics.blogspot.com/2017/08/vanambadi-padum-polen-ullam.html,"Imported draft: check lyrics, categories, credits and permission before publishing. | Latin-script text needs review: confirm it is Manglish lyrics and remove any remaining prose. | Generated counterpart script by phonetic transliteration; review spelling and wording before publishing.",,,source/vanambadi-padum-polen-ullam-7292802107564605966.html
review,Vazhiyarikil Pathikanayi,വഴിയരികിൽ പഥികനായി,malayalam/vazhiyarikil-pathikanayi-3960243166929437088.txt,manglish/vazhiyarikil-pathikanayi-3960243166929437088.txt,https://grejolyrics.blogspot.com/2017/08/vazhiyarikil-pathikanayi.html,"Imported draft: check lyrics, categories, credits and permission before publishing. | Latin-script text needs review: confirm it is Manglish lyrics and remove any remaining prose. | Generated counterpart script by phonetic transliteration; review spelling and wording before publishing.",,,source/vazhiyarikil-pathikanayi-3960243166929437088.html
review,Aarum Kothikkum Ninte Sneham,ആരും കൊതിക്കും നിന്റെ സ്നേഹം,malayalam/aarum-kothikkum-ninte-sneham-5820906338014299417.txt,manglish/aarum-kothikkum-ninte-sneham-5820906338014299417.txt,https://grejolyrics.blogspot.com/2017/08/aarum-kothikkum-ninte-sneham.html,"Imported draft: check lyrics, categories, credits and permission before publishing. | Latin-script text needs review: confirm it is Manglish lyrics and remove any remaining prose. | Generated counterpart script by phonetic transliteration; review spelling and wording before publishing.",,,source/aarum-kothikkum-ninte-sneham-5820906338014299417.html
review,Orikkalum Marakkuvaan,ഒരിക്കലും മറക്കുവാൻ,malayalam/orikkalum-marakkuvaan-8798126449347100124.txt,manglish/orikkalum-marakkuvaan-8798126449347100124.txt,https://grejolyrics.blogspot.com/2017/08/orikkalum-marakkuvaan.html,"Imported draft: check lyrics, categories, credits and permission before publishing. | Latin-script text needs review: confirm it is Manglish lyrics and remove any remaining prose. | Generated counterpart script by phonetic transliteration; review spelling and wording before publishing.",,,source/orikkalum-marakkuvaan-8798126449347100124.html
review,Aarokke Enne,ആരൊക്കെ എന്നെ,malayalam/aarokke-enne-7711365415104196705.txt,manglish/aarokke-enne-7711365415104196705.txt,https://grejolyrics.blogspot.com/2017/08/aarokke-enne.html,"Imported draft: check lyrics, categories, credits and permission before publishing. | Latin-script text needs review: confirm it is Manglish lyrics and remove any remaining prose. | Generated counterpart script by phonetic transliteration; review spelling and wording before publishing.",,,source/aarokke-enne-7711365415104196705.html
review,Mazhayilum Veyililum Kandu,മഴയിലും വെയിലിലും കണ്ടു,malayalam/mazhayilum-veyililum-kandu-8179908324116811163.txt,manglish/mazhayilum-veyililum-kandu-8179908324116811163.txt,https://grejolyrics.blogspot.com/2017/08/mazhayilum-veyililum-kandu.html,"Imported draft: check lyrics, categories, credits and permission before publishing. | Latin-script text needs review: confirm it is Manglish lyrics and remove any remaining prose. | Generated counterpart script by phonetic transliteration; review spelling and wording before publishing.",,,source/mazhayilum-veyililum-kandu-8179908324116811163.html
review,Mariyambike Nin,മരിയാംബികെ നിൻ,malayalam/mariyambike-nin-1233031921589297995.txt,manglish/mariyambike-nin-1233031921589297995.txt,https://grejolyrics.blogspot.com/2017/08/mariambike-nin.html,"Imported draft: check lyrics, categories, credits and permission before publishing. | Latin-script text needs review: confirm it is Manglish lyrics and remove any remaining prose. | Generated counterpart script by phonetic transliteration; review spelling and wording before publishing.",,,source/mariyambike-nin-1233031921589297995.html
review,Thakarnnu Karayum,തകർന്നു കരയും,malayalam/thakarnnu-karayum-1917470289440871669.txt,manglish/thakarnnu-karayum-1917470289440871669.txt,https://grejolyrics.blogspot.com/2017/08/thakarnnu-karayum.html,"Imported draft: check lyrics, categories, credits and permission before publishing. | Latin-script text needs review: confirm it is Manglish lyrics and remove any remaining prose. | Generated counterpart script by phonetic transliteration; review spelling and wording before publishing.",,,source/thakarnnu-karayum-1917470289440871669.html
review,Rosa Poove,റോസാ പൂവ്,malayalam/rosa-poove-1172913754239329090.txt,manglish/rosa-poove-1172913754239329090.txt,https://grejolyrics.blogspot.com/2017/08/rosa-poove.html,"Imported draft: check lyrics, categories, credits and permission before publishing. | Extracted URLs from content; review the external links and remaining lyric text. | Latin-script text needs review: confirm it is Manglish lyrics and remove any remaining prose. | Generated counterpart script by phonetic transliteration; review spelling and wording before publishing.",,,source/rosa-poove-1172913754239329090.html
review,Nee Thakarnavanaano Makane,നീ തകർണാവനാണോ മകനെ,malayalam/nee-thakarnavanaano-makane-9201656199937576713.txt,manglish/nee-thakarnavanaano-makane-9201656199937576713.txt,https://grejolyrics.blogspot.com/2017/08/nee-thakarnavanaano-makane.html,"Imported draft: check lyrics, categories, credits and permission before publishing. | Extracted URLs from content; review the external links and remaining lyric text. | Latin-script text needs review: confirm it is Manglish lyrics and remove any remaining prose. | Generated counterpart script by phonetic transliteration; review spelling and wording before publishing.",,,source/nee-thakarnavanaano-makane-9201656199937576713.html
review,Anupama Sneham Aanamma,അനുപമ സ്നേഹം ആനമ്മ,malayalam/anupama-sneham-aanamma-6402427947928274837.txt,manglish/anupama-sneham-aanamma-6402427947928274837.txt,https://grejolyrics.blogspot.com/2017/08/anupama-sneham-aanamma.html,"Imported draft: check lyrics, categories, credits and permission before publishing. | Extracted URLs from content; review the external links and remaining lyric text. | Latin-script text needs review: confirm it is Manglish lyrics and remove any remaining prose. | Generated counterpart script by phonetic transliteration; review spelling and wording before publishing.",,,source/anupama-sneham-aanamma-6402427947928274837.html
review,Eesho Nadha En,ഈശോ നാഥാ എൻ,malayalam/eesho-nadha-en-9220201527888360635.txt,manglish/eesho-nadha-en-9220201527888360635.txt,https://grejolyrics.blogspot.com/2017/08/eesho-nadha-en.html,"Imported draft: check lyrics, categories, credits and permission before publishing. | Latin-script text needs review: confirm it is Manglish lyrics and remove any remaining prose. | Generated counterpart script by phonetic transliteration; review spelling and wording before publishing.",,,source/eesho-nadha-en-9220201527888360635.html
review,Alphayum Omegayum,അല്ഫയും ഒമേഗയും,malayalam/alphayum-omegayum-7958642277526891046.txt,manglish/alphayum-omegayum-7958642277526891046.txt,https://grejolyrics.blogspot.com/2017/08/alphayum-omegayum.html,"Imported draft: check lyrics, categories, credits and permission before publishing. | Latin-script text needs review: confirm it is Manglish lyrics and remove any remaining prose. | Generated counterpart script by phonetic transliteration; review spelling and wording before publishing.",,,source/alphayum-omegayum-7958642277526891046.html
review,Swargam Thurannu Swapnam Vidarnnu,സ്വർഗം തുറന്നു സ്വപ്നം വിടർന്നു,malayalam/swargam-thurannu-swapnam-vidarnnu-2762921902813252165.txt,manglish/swargam-thurannu-swapnam-vidarnnu-2762921902813252165.txt,https://grejolyrics.blogspot.com/2017/07/swargam-thurannu.html,"Imported draft: check lyrics, categories, credits and permission before publishing. | Latin-script text needs review: confirm it is Manglish lyrics and remove any remaining prose. | Generated counterpart script by phonetic transliteration; review spelling and wording before publishing.",,,source/swargam-thurannu-swapnam-vidarnnu-2762921902813252165.html
review,Daiva Koodarame,ദൈവ കൂടാരമേ,malayalam/daiva-koodarame-6511913912637056935.txt,manglish/daiva-koodarame-6511913912637056935.txt,https://grejolyrics.blogspot.com/2017/07/daiva-koodarame.html,"Imported draft: check lyrics, categories, credits and permission before publishing. | Latin-script text needs review: confirm it is Manglish lyrics and remove any remaining prose. | Generated counterpart script by phonetic transliteration; review spelling and wording before publishing.",,,source/daiva-koodarame-6511913912637056935.html
review,Syro Malabar Sabhayude,സിറോ മലബാർ സഭയുടെ,malayalam/syro-malabar-sabhayude-5773113696302190451.txt,manglish/syro-malabar-sabhayude-5773113696302190451.txt,https://grejolyrics.blogspot.com/2017/06/syro-malabar-sabhayude.html,"Imported draft: check lyrics, categories, credits and permission before publishing. | Latin-script text needs review: confirm it is Manglish lyrics and remove any remaining prose. | Generated counterpart script by phonetic transliteration; review spelling and wording before publishing.",,,source/syro-malabar-sabhayude-5773113696302190451.html
review,Viswam Kakkunna Nadha,വിശ്വം കാക്കുന്ന നാഥാ,malayalam/viswam-kakkunna-nadha-1692679240230722447.txt,manglish/viswam-kakkunna-nadha-1692679240230722447.txt,https://grejolyrics.blogspot.com/2017/06/viswam-kakkunna-nadha.html,"Imported draft: check lyrics, categories, credits and permission before publishing. | Latin-script text needs review: confirm it is Manglish lyrics and remove any remaining prose. | Generated counterpart script by phonetic transliteration; review spelling and wording before publishing.",,,source/viswam-kakkunna-nadha-1692679240230722447.html
review,Daivathe Marannu Kunje,ദൈവത്തെ മറന്നു കുഞ്ഞേ,malayalam/daivathe-marannu-kunje-1440313894963507502.txt,manglish/daivathe-marannu-kunje-1440313894963507502.txt,https://grejolyrics.blogspot.com/2017/06/daivathe-marannu-kunje.html,"Imported draft: check lyrics, categories, credits and permission before publishing. | Latin-script text needs review: confirm it is Manglish lyrics and remove any remaining prose. | Generated counterpart script by phonetic transliteration; review spelling and wording before publishing.",,,source/daivathe-marannu-kunje-1440313894963507502.html
review,Israyelin Nadhanaay,ഇസ്രായേലിന് നാഥനായ,malayalam/israyelin-nadhanaay-3369702204059590456.txt,manglish/israyelin-nadhanaay-3369702204059590456.txt,https://grejolyrics.blogspot.com/2017/06/israyelin-nadhanaay.html,"Imported draft: check lyrics, categories, credits and permission before publishing. | Latin-script text needs review: confirm it is Manglish lyrics and remove any remaining prose. | Generated counterpart script by phonetic transliteration; review spelling and wording before publishing.",,,source/israyelin-nadhanaay-3369702204059590456.html
review,Enne Kaipidichu Nadathunna Sneham,എന്നെ കൈപിടിച്ചു നടത്തുന്ന സ്നേഹം,malayalam/enne-kaipidichu-nadathunna-sneham-8913453361138920157.txt,manglish/enne-kaipidichu-nadathunna-sneham-8913453361138920157.txt,https://grejolyrics.blogspot.com/2017/06/enne-kaipidichu-nadathunna-sneham.html,"Imported draft: check lyrics, categories, credits and permission before publishing. | Latin-script text needs review: confirm it is Manglish lyrics and remove any remaining prose. | Generated counterpart script by phonetic transliteration; review spelling and wording before publishing.",,,source/enne-kaipidichu-nadathunna-sneham-8913453361138920157.html
review,Entho Nee Thiranju Vannee,എന്തോ നീ തിരഞ്ഞു വന്നേ,malayalam/entho-nee-thiranju-vannee-2128236510533820356.txt,manglish/entho-nee-thiranju-vannee-2128236510533820356.txt,https://grejolyrics.blogspot.com/2017/06/entho-nee-thiranju-vannee-thiruhridaya.html,"Imported draft: check lyrics, categories, credits and permission before publishing. | Extracted URLs from content; review the external links and remaining lyric text. | Latin-script text needs review: confirm it is Manglish lyrics and remove any remaining prose. | Possible duplicate title: compare other source posts before publishing. | Generated counterpart script by phonetic transliteration; review spelling and wording before publishing.",,,source/entho-nee-thiranju-vannee-2128236510533820356.html
review,Sneham Vachu Vilambum,സ്നേഹം വച്ച് വിളമ്പും,malayalam/sneham-vachu-vilambum-2704492630705099858.txt,manglish/sneham-vachu-vilambum-2704492630705099858.txt,https://grejolyrics.blogspot.com/2017/06/sneham-vachu-vilambum.html,"Imported draft: check lyrics, categories, credits and permission before publishing. | Latin-script text needs review: confirm it is Manglish lyrics and remove any remaining prose. | Generated counterpart script by phonetic transliteration; review spelling and wording before publishing.",,,source/sneham-vachu-vilambum-2704492630705099858.html
review,Njangalkayi Daivamathave,ഞങ്ങൾക്കായി ദൈവമാതാവേ,malayalam/njangalkayi-daivamathave-1790432043761675943.txt,manglish/njangalkayi-daivamathave-1790432043761675943.txt,https://grejolyrics.blogspot.com/2017/05/njangalkai-daivamathave.html,"Imported draft: check lyrics, categories, credits and permission before publishing. | Latin-script text needs review: confirm it is Manglish lyrics and remove any remaining prose. | Generated counterpart script by phonetic transliteration; review spelling and wording before publishing.",,,source/njangalkayi-daivamathave-1790432043761675943.html
review,Nalla Mathave,നല്ല മാതാവേ,malayalam/nalla-mathave-4294527676904867873.txt,manglish/nalla-mathave-4294527676904867873.txt,https://grejolyrics.blogspot.com/2017/05/nalla-mathave.html,"Imported draft: check lyrics, categories, credits and permission before publishing. | Latin-script text needs review: confirm it is Manglish lyrics and remove any remaining prose. | Generated counterpart script by phonetic transliteration; review spelling and wording before publishing.",,,source/nalla-mathave-4294527676904867873.html
review,Daiva Kunjade,ദൈവ കുഞ്ഞാടെ,malayalam/daiva-kunjade-4539085336902676315.txt,manglish/daiva-kunjade-4539085336902676315.txt,https://grejolyrics.blogspot.com/2017/05/daiva-kunjade.html,"Imported draft: check lyrics, categories, credits and permission before publishing. | Latin-script text needs review: confirm it is Manglish lyrics and remove any remaining prose. | Generated counterpart script by phonetic transliteration; review spelling and wording before publishing.",,,source/daiva-kunjade-4539085336902676315.html
review,Athmavin Theenalangal,ആത്മാവിന് തീനാളങ്ങൾ,malayalam/athmavin-theenalangal-1096670800747382013.txt,manglish/athmavin-theenalangal-1096670800747382013.txt,https://grejolyrics.blogspot.com/2017/05/athmavin-theenalangal.html,"Imported draft: check lyrics, categories, credits and permission before publishing. | Latin-script text needs review: confirm it is Manglish lyrics and remove any remaining prose. | Generated counterpart script by phonetic transliteration; review spelling and wording before publishing.",,,source/athmavin-theenalangal-1096670800747382013.html
review,Nanmaniranjavale Kanyamariyame,നന്മനിറഞ്ഞവളെ കന്യാമറിയാമേ,malayalam/nanmaniranjavale-kanyamariyame-6632756895861420026.txt,manglish/nanmaniranjavale-kanyamariyame-6632756895861420026.txt,https://grejolyrics.blogspot.com/2017/04/nanmaniranjavale-kanyamariyame.html,"Imported draft: check lyrics, categories, credits and permission before publishing. | Latin-script text needs review: confirm it is Manglish lyrics and remove any remaining prose. | Generated counterpart script by phonetic transliteration; review spelling and wording before publishing.",,,source/nanmaniranjavale-kanyamariyame-6632756895861420026.html
review,Aa Nalla Naal,ആ നല്ല നാൾ,malayalam/aa-nalla-naal-1433493633494605112.txt,manglish/aa-nalla-naal-1433493633494605112.txt,https://grejolyrics.blogspot.com/2017/04/aa-nalla-naal.html,"Imported draft: check lyrics, categories, credits and permission before publishing. | Latin-script text needs review: confirm it is Manglish lyrics and remove any remaining prose. | Generated counterpart script by phonetic transliteration; review spelling and wording before publishing.",,,source/aa-nalla-naal-1433493633494605112.html
review,Bhayamethumillente Daivam,ഭയമേതുമില്ലെന്റെ ദൈവം,malayalam/bhayamethumillente-daivam-1795302308736033300.txt,manglish/bhayamethumillente-daivam-1795302308736033300.txt,https://grejolyrics.blogspot.com/2017/04/bhayamethumillente-daivam.html,"Imported draft: check lyrics, categories, credits and permission before publishing. | Latin-script text needs review: confirm it is Manglish lyrics and remove any remaining prose. | Generated counterpart script by phonetic transliteration; review spelling and wording before publishing.",,,source/bhayamethumillente-daivam-1795302308736033300.html
review,Jeevante Jeevan,ജീവന്റെ ജീവൻ,malayalam/jeevante-jeevan-7747171346081699713.txt,manglish/jeevante-jeevan-7747171346081699713.txt,https://grejolyrics.blogspot.com/2017/04/jeevante-jeevan-aayavan.html,"Imported draft: check lyrics, categories, credits and permission before publishing. | Latin-script text needs review: confirm it is Manglish lyrics and remove any remaining prose. | Generated counterpart script by phonetic transliteration; review spelling and wording before publishing.",,,source/jeevante-jeevan-7747171346081699713.html
review,Olivin Chillakal,ഒളിവിന് ചില്ലകൾ,malayalam/olivin-chillakal-3840457045541867717.txt,manglish/olivin-chillakal-3840457045541867717.txt,https://grejolyrics.blogspot.com/2017/04/olivin-chillakal.html,"Imported draft: check lyrics, categories, credits and permission before publishing. | Latin-script text needs review: confirm it is Manglish lyrics and remove any remaining prose. | Generated counterpart script by phonetic transliteration; review spelling and wording before publishing.",,,source/olivin-chillakal-3840457045541867717.html
review,Oshana Oshana Unnathanam Rajave,ഓശാന ഓശാന ഉന്നതനാം രാജാവ്,malayalam/oshana-oshana-unnathanam-rajave-4653286157404886841.txt,manglish/oshana-oshana-unnathanam-rajave-4653286157404886841.txt,https://grejolyrics.blogspot.com/2017/04/oshana-oshana-unnathanam-rajave.html,"Imported draft: check lyrics, categories, credits and permission before publishing. | Latin-script text needs review: confirm it is Manglish lyrics and remove any remaining prose. | Generated counterpart script by phonetic transliteration; review spelling and wording before publishing.",,,source/oshana-oshana-unnathanam-rajave-4653286157404886841.html
review,Swargeeya Sangeetham,സ്വർഗീയ സംഗീതം,malayalam/swargeeya-sangeetham-5561953860704108467.txt,manglish/swargeeya-sangeetham-5561953860704108467.txt,https://grejolyrics.blogspot.com/2017/04/swargeeya-sangeetham.html,"Imported draft: check lyrics, categories, credits and permission before publishing. | Latin-script text needs review: confirm it is Manglish lyrics and remove any remaining prose. | Generated counterpart script by phonetic transliteration; review spelling and wording before publishing.",,,source/swargeeya-sangeetham-5561953860704108467.html
review,Baliyarppanathinaayi varunnu njagal,ബലിയർപ്പണത്തിനായി വരുന്നു ഞങൾ,malayalam/baliyarppanathinaayi-varunnu-njagal-5158535884560529396.txt,manglish/baliyarppanathinaayi-varunnu-njagal-5158535884560529396.txt,https://grejolyrics.blogspot.com/2017/04/baliyarpanathinay.html,"Imported draft: check lyrics, categories, credits and permission before publishing. | Latin-script text needs review: confirm it is Manglish lyrics and remove any remaining prose. | Generated counterpart script by phonetic transliteration; review spelling and wording before publishing.",,,source/baliyarppanathinaayi-varunnu-njagal-5158535884560529396.html
review,Namam Chollum,നാമം ചൊല്ലും,malayalam/namam-chollum-7168242667913506367.txt,manglish/namam-chollum-7168242667913506367.txt,https://grejolyrics.blogspot.com/2017/04/namam-chollum.html,"Imported draft: check lyrics, categories, credits and permission before publishing. | Latin-script text needs review: confirm it is Manglish lyrics and remove any remaining prose. | Generated counterpart script by phonetic transliteration; review spelling and wording before publishing.",,,source/namam-chollum-7168242667913506367.html
review,Sreeyeshunadhan,ശ്രീയേശുനാഥാണ്,malayalam/sreeyeshunadhan-4747373506723777677.txt,manglish/sreeyeshunadhan-4747373506723777677.txt,https://grejolyrics.blogspot.com/2017/03/sreeyeshunadhan.html,"Imported draft: check lyrics, categories, credits and permission before publishing. | Latin-script text needs review: confirm it is Manglish lyrics and remove any remaining prose. | Generated counterpart script by phonetic transliteration; review spelling and wording before publishing.",,,source/sreeyeshunadhan-4747373506723777677.html
review,Aaraadhikkunnu njangal aaraadhikkunnu,ആരാധിക്കുന്നു ഞങ്ങൾ ആരാധിക്കുന്നു,malayalam/aaraadhikkunnu-njangal-aaraadhikkunnu-4253635228906047425.txt,manglish/aaraadhikkunnu-njangal-aaraadhikkunnu-4253635228906047425.txt,https://grejolyrics.blogspot.com/2017/03/aaraadhikkunnu-njangal-aaraadhikkunnu.html,"Imported draft: check lyrics, categories, credits and permission before publishing. | Latin-script text needs review: confirm it is Manglish lyrics and remove any remaining prose. | Generated counterpart script by phonetic transliteration; review spelling and wording before publishing.",,,source/aaraadhikkunnu-njangal-aaraadhikkunnu-4253635228906047425.html
review,Ethra Sthuthichalum,എത്ര സ്തുതിച്ചാലും,malayalam/ethra-sthuthichalum-5439881483307825245.txt,manglish/ethra-sthuthichalum-5439881483307825245.txt,https://grejolyrics.blogspot.com/2017/03/ethra-sthuthichalum.html,"Imported draft: check lyrics, categories, credits and permission before publishing. | Latin-script text needs review: confirm it is Manglish lyrics and remove any remaining prose. | Generated counterpart script by phonetic transliteration; review spelling and wording before publishing.",,,source/ethra-sthuthichalum-5439881483307825245.html
review,Lisyuwile Cheru Pushpame,ലിസ്യുവിലെ ചെറു പുഷ്പമേ,malayalam/lisyuwile-cheru-pushpame-4911085595168433662.txt,manglish/lisyuwile-cheru-pushpame-4911085595168433662.txt,https://grejolyrics.blogspot.com/2017/03/lisyuwile.html,"Imported draft: check lyrics, categories, credits and permission before publishing. | Latin-script text needs review: confirm it is Manglish lyrics and remove any remaining prose. | Generated counterpart script by phonetic transliteration; review spelling and wording before publishing.",,,source/lisyuwile-cheru-pushpame-4911085595168433662.html
review,Kaivella,കൈവെള്ള,malayalam/kaivella-8300814957132643694.txt,manglish/kaivella-8300814957132643694.txt,https://grejolyrics.blogspot.com/2017/03/kaivella-ethrayum-snehamullen-eshoye.html,"Imported draft: check lyrics, categories, credits and permission before publishing. | Latin-script text needs review: confirm it is Manglish lyrics and remove any remaining prose. | Generated counterpart script by phonetic transliteration; review spelling and wording before publishing.",,,source/kaivella-8300814957132643694.html
review,Priyapettorente,പ്രിയപ്പെട്ടോറിന്റെ,malayalam/priyapettorente-8336431128455515455.txt,manglish/priyapettorente-8336431128455515455.txt,https://grejolyrics.blogspot.com/2017/03/priyapettorente-god-album.html,"Imported draft: check lyrics, categories, credits and permission before publishing. | Latin-script text needs review: confirm it is Manglish lyrics and remove any remaining prose. | Generated counterpart script by phonetic transliteration; review spelling and wording before publishing.",,,source/priyapettorente-8336431128455515455.html
review,Swargasthanaya Pithave,സ്വർഗ്ഗസ്ഥനായ പിതാവേ,malayalam/swargasthanaya-pithave-6885809343373156349.txt,manglish/swargasthanaya-pithave-6885809343373156349.txt,https://grejolyrics.blogspot.com/2017/03/swargasthanaya-pithave-god-album.html,"Imported draft: check lyrics, categories, credits and permission before publishing. | Latin-script text needs review: confirm it is Manglish lyrics and remove any remaining prose. | Generated counterpart script by phonetic transliteration; review spelling and wording before publishing.",,,source/swargasthanaya-pithave-6885809343373156349.html
review,Vazhiyethennarinjilla,വഴിയേതെന്നറിഞ്ഞില്ല,malayalam/vazhiyethennarinjilla-5866512403402320668.txt,manglish/vazhiyethennarinjilla-5866512403402320668.txt,https://grejolyrics.blogspot.com/2017/03/vazhiyethennarinjilla.html,"Imported draft: check lyrics, categories, credits and permission before publishing. | Latin-script text needs review: confirm it is Manglish lyrics and remove any remaining prose. | Generated counterpart script by phonetic transliteration; review spelling and wording before publishing.",,,source/vazhiyethennarinjilla-5866512403402320668.html
review,Deva Nee,ദേവ നീ,malayalam/deva-nee-5600274538158265223.txt,manglish/deva-nee-5600274538158265223.txt,https://grejolyrics.blogspot.com/2017/03/deva-nee.html,"Imported draft: check lyrics, categories, credits and permission before publishing. | Latin-script text needs review: confirm it is Manglish lyrics and remove any remaining prose. | Generated counterpart script by phonetic transliteration; review spelling and wording before publishing.",,,source/deva-nee-5600274538158265223.html
review,Sneham Nee Nadha,സ്നേഹം നീ നാഥാ,malayalam/sneham-nee-nadha-1647709989706524841.txt,manglish/sneham-nee-nadha-1647709989706524841.txt,https://grejolyrics.blogspot.com/2017/03/sneham-nee-nadha.html,"Imported draft: check lyrics, categories, credits and permission before publishing. | Latin-script text needs review: confirm it is Manglish lyrics and remove any remaining prose. | Generated counterpart script by phonetic transliteration; review spelling and wording before publishing.",,,source/sneham-nee-nadha-1647709989706524841.html
review,Alivinte Niravanavan,അറിവിന്റെ നിര്വാണവൻ,malayalam/alivinte-niravanavan-5066283548169773023.txt,manglish/alivinte-niravanavan-5066283548169773023.txt,https://grejolyrics.blogspot.com/2017/03/alivinte-niravanavan.html,"Imported draft: check lyrics, categories, credits and permission before publishing. | Latin-script text needs review: confirm it is Manglish lyrics and remove any remaining prose. | Generated counterpart script by phonetic transliteration; review spelling and wording before publishing.",,,source/alivinte-niravanavan-5066283548169773023.html
review,Above All Malayalam,എബോവ് ഓൾ മലയാളം,malayalam/above-all-malayalam-6901257014582461621.txt,manglish/above-all-malayalam-6901257014582461621.txt,https://grejolyrics.blogspot.com/2017/03/above-all-malayalam-sarvadhikaram.html,"Imported draft: check lyrics, categories, credits and permission before publishing. | Latin-script text needs review: confirm it is Manglish lyrics and remove any remaining prose. | Generated counterpart script by phonetic transliteration; review spelling and wording before publishing.",,,source/above-all-malayalam-6901257014582461621.html
review,Mohathinte Therileri,മോഹത്തിന്റെ തേരിലേറി,malayalam/mohathinte-therileri-5963830827868853440.txt,manglish/mohathinte-therileri-5963830827868853440.txt,https://grejolyrics.blogspot.com/2017/03/mohathinte-therileri.html,"Imported draft: check lyrics, categories, credits and permission before publishing. | Latin-script text needs review: confirm it is Manglish lyrics and remove any remaining prose. | Generated counterpart script by phonetic transliteration; review spelling and wording before publishing.",,,source/mohathinte-therileri-5963830827868853440.html
review,Oh Divyamam Snehame,ഓ ദിവ്യമാം സ്നേഹമേ,malayalam/oh-divyamam-snehame-5743573740047334687.txt,manglish/oh-divyamam-snehame-5743573740047334687.txt,https://grejolyrics.blogspot.com/2017/02/oh-divyamam-snehame.html,"Imported draft: check lyrics, categories, credits and permission before publishing. | Latin-script text needs review: confirm it is Manglish lyrics and remove any remaining prose. | Generated counterpart script by phonetic transliteration; review spelling and wording before publishing.",,,source/oh-divyamam-snehame-5743573740047334687.html
review,Balivedhiyil Thiru yaagamaay,ബലിവേദിയിൽ തിരു യാഗമായി,malayalam/balivedhiyil-thiru-yaagamaay-2581805011057894667.txt,manglish/balivedhiyil-thiru-yaagamaay-2581805011057894667.txt,https://grejolyrics.blogspot.com/2017/02/balivedhiyil-thiru-yaagamaay.html,"Imported draft: check lyrics, categories, credits and permission before publishing. | Latin-script text needs review: confirm it is Manglish lyrics and remove any remaining prose. | Generated counterpart script by phonetic transliteration; review spelling and wording before publishing.",,,source/balivedhiyil-thiru-yaagamaay-2581805011057894667.html
review,Ammayekkal Ninne,അമ്മയേക്കാൾ നിന്നെ,malayalam/ammayekkal-ninne-7408718086816564027.txt,manglish/ammayekkal-ninne-7408718086816564027.txt,https://grejolyrics.blogspot.com/2017/02/ammayekkal-ninne.html,"Imported draft: check lyrics, categories, credits and permission before publishing. | Latin-script text needs review: confirm it is Manglish lyrics and remove any remaining prose. | Generated counterpart script by phonetic transliteration; review spelling and wording before publishing.",,,source/ammayekkal-ninne-7408718086816564027.html
review,Anayaam Ee Thiru Altharayil,ആനയാം ഈ തിരു അൾത്താരയിൽ,malayalam/anayaam-ee-thiru-altharayil-7980410812583671988.txt,manglish/anayaam-ee-thiru-altharayil-7980410812583671988.txt,https://grejolyrics.blogspot.com/2017/01/anayaam-ee-thiru-altharayil.html,"Imported draft: check lyrics, categories, credits and permission before publishing. | Latin-script text needs review: confirm it is Manglish lyrics and remove any remaining prose. | Generated counterpart script by phonetic transliteration; review spelling and wording before publishing.",,,source/anayaam-ee-thiru-altharayil-7980410812583671988.html
review,Amme en Amme,അമ്മെ എൻ അമ്മെ,malayalam/amme-en-amme-1358790452042542384.txt,manglish/amme-en-amme-1358790452042542384.txt,https://grejolyrics.blogspot.com/2017/01/amme-en-amme.html,"Imported draft: check lyrics, categories, credits and permission before publishing. | Latin-script text needs review: confirm it is Manglish lyrics and remove any remaining prose. | Generated counterpart script by phonetic transliteration; review spelling and wording before publishing.",,,source/amme-en-amme-1358790452042542384.html
review,Aathmavil Varamaruliyaalum,ആത്മാവിൽ വരമരുളിയാലും,malayalam/aathmavil-varamaruliyaalum-3620181176409091718.txt,manglish/aathmavil-varamaruliyaalum-3620181176409091718.txt,https://grejolyrics.blogspot.com/2017/01/aathmavil-varamaruliyaalum.html,"Imported draft: check lyrics, categories, credits and permission before publishing. | Latin-script text needs review: confirm it is Manglish lyrics and remove any remaining prose. | Generated counterpart script by phonetic transliteration; review spelling and wording before publishing.",,,source/aathmavil-varamaruliyaalum-3620181176409091718.html
review,Aa karatharil mukhamonnamarthy,ആ കറത്തറിൽ മുഖമൊന്നുമർത്യ,malayalam/aa-karatharil-mukhamonnamarthy-8723689934115212085.txt,manglish/aa-karatharil-mukhamonnamarthy-8723689934115212085.txt,https://grejolyrics.blogspot.com/2017/01/aa-karatharil-mukhamonnamarthy.html,"Imported draft: check lyrics, categories, credits and permission before publishing. | Latin-script text needs review: confirm it is Manglish lyrics and remove any remaining prose. | Generated counterpart script by phonetic transliteration; review spelling and wording before publishing.",,,source/aa-karatharil-mukhamonnamarthy-8723689934115212085.html
review,Divya sakrari nokki,ദിവ്യ സക്രാരി നോക്കി,malayalam/divya-sakrari-nokki-4205614726997762522.txt,manglish/divya-sakrari-nokki-4205614726997762522.txt,https://grejolyrics.blogspot.com/2017/01/divya-sakrari-nokki.html,"Imported draft: check lyrics, categories, credits and permission before publishing. | Latin-script text needs review: confirm it is Manglish lyrics and remove any remaining prose. | Generated counterpart script by phonetic transliteration; review spelling and wording before publishing.",,,source/divya-sakrari-nokki-4205614726997762522.html
review,Kasayil Peelasayil,ഗസയിൽ പീലാസയിൽ,malayalam/kasayil-peelasayil-8721211411117892909.txt,manglish/kasayil-peelasayil-8721211411117892909.txt,https://grejolyrics.blogspot.com/2017/01/kasayil-peelasayil.html,"Imported draft: check lyrics, categories, credits and permission before publishing. | Latin-script text needs review: confirm it is Manglish lyrics and remove any remaining prose. | Generated counterpart script by phonetic transliteration; review spelling and wording before publishing.",,,source/kasayil-peelasayil-8721211411117892909.html
review,Altharayil Thiri Thelinju,അൾത്താരയിൽ തിരി തെളിഞ്ഞു,malayalam/altharayil-thiri-thelinju-1797258878348578126.txt,manglish/altharayil-thiri-thelinju-1797258878348578126.txt,https://grejolyrics.blogspot.com/2016/12/altharayil-thiri-thelinju.html,"Imported draft: check lyrics, categories, credits and permission before publishing. | Latin-script text needs review: confirm it is Manglish lyrics and remove any remaining prose. | Generated counterpart script by phonetic transliteration; review spelling and wording before publishing.",,,source/altharayil-thiri-thelinju-1797258878348578126.html
review,Thirunaadha Sharanam,തിരുനാഥ ശരണം,malayalam/thirunaadha-sharanam-7808701616663412879.txt,manglish/thirunaadha-sharanam-7808701616663412879.txt,https://grejolyrics.blogspot.com/2016/12/thirunaadha-sharanam.html,"Imported draft: check lyrics, categories, credits and permission before publishing. | Latin-script text needs review: confirm it is Manglish lyrics and remove any remaining prose. | Generated counterpart script by phonetic transliteration; review spelling and wording before publishing.",,,source/thirunaadha-sharanam-7808701616663412879.html
review,Yeshuve Nee Varu,യേശുവേ നീ വരൂ,malayalam/yeshuve-nee-varu-6903194270728580157.txt,manglish/yeshuve-nee-varu-6903194270728580157.txt,https://grejolyrics.blogspot.com/2016/12/yeshuve-nee-varu.html,"Imported draft: check lyrics, categories, credits and permission before publishing. | Latin-script text needs review: confirm it is Manglish lyrics and remove any remaining prose. | Generated counterpart script by phonetic transliteration; review spelling and wording before publishing.",,,source/yeshuve-nee-varu-6903194270728580157.html
review,Gloria Paattukal,ഗ്ലോറിയ പാട്ടുകൾ,malayalam/gloria-paattukal-739742137539337533.txt,manglish/gloria-paattukal-739742137539337533.txt,https://grejolyrics.blogspot.com/2016/12/gloria-paattukal.html,"Imported draft: check lyrics, categories, credits and permission before publishing. | Extracted URLs from content; review the external links and remaining lyric text. | Latin-script text needs review: confirm it is Manglish lyrics and remove any remaining prose. | Generated counterpart script by phonetic transliteration; review spelling and wording before publishing.",,,source/gloria-paattukal-739742137539337533.html
review,Kudamalooril,കുടമാളൂരിൽ,malayalam/kudamalooril-4303699524523516232.txt,manglish/kudamalooril-4303699524523516232.txt,https://grejolyrics.blogspot.com/2016/12/kudamalooril.html,"Imported draft: check lyrics, categories, credits and permission before publishing. | Latin-script text needs review: confirm it is Manglish lyrics and remove any remaining prose. | Generated counterpart script by phonetic transliteration; review spelling and wording before publishing.",,,source/kudamalooril-4303699524523516232.html
review,Karuthalin,കരുതലിനും,malayalam/karuthalin-111302100219871883.txt,manglish/karuthalin-111302100219871883.txt,https://grejolyrics.blogspot.com/2016/12/karuthalin.html,"Imported draft: check lyrics, categories, credits and permission before publishing. | Latin-script text needs review: confirm it is Manglish lyrics and remove any remaining prose. | Generated counterpart script by phonetic transliteration; review spelling and wording before publishing.",,,source/karuthalin-111302100219871883.html
review,Kandukothi,കണ്ടുകൊതി,malayalam/kandukothi-573128461906502198.txt,manglish/kandukothi-573128461906502198.txt,https://grejolyrics.blogspot.com/2016/12/kandukothi.html,"Imported draft: check lyrics, categories, credits and permission before publishing. | Latin-script text needs review: confirm it is Manglish lyrics and remove any remaining prose. | Generated counterpart script by phonetic transliteration; review spelling and wording before publishing.",,,source/kandukothi-573128461906502198.html
review,Ethrayum Snehamullen Eeshoye Ninakkai,എത്രയും സ്നേഹമില്ലെന് ഈശോയെ നിനക്കായ്,malayalam/ethrayum-snehamullen-eeshoye-ninakkai-1512510465024866662.txt,manglish/ethrayum-snehamullen-eeshoye-ninakkai-1512510465024866662.txt,https://grejolyrics.blogspot.com/2016/12/ethrayum-snehamullen-eeshoye-ninakkai.html,"Imported draft: check lyrics, categories, credits and permission before publishing. | Latin-script text needs review: confirm it is Manglish lyrics and remove any remaining prose. | Generated counterpart script by phonetic transliteration; review spelling and wording before publishing.",,,source/ethrayum-snehamullen-eeshoye-ninakkai-1512510465024866662.html
review,Abba pithave,അബ്ബാ പിതാവ്,malayalam/abba-pithave-9148755616388578390.txt,manglish/abba-pithave-9148755616388578390.txt,https://grejolyrics.blogspot.com/2016/12/abba-pithave.html,"Imported draft: check lyrics, categories, credits and permission before publishing. | Latin-script text needs review: confirm it is Manglish lyrics and remove any remaining prose. | Generated counterpart script by phonetic transliteration; review spelling and wording before publishing.",,,source/abba-pithave-9148755616388578390.html
review,Mele maanaththe,മേലേ മാനത്തെ,malayalam/mele-maanaththe-8307413798171499753.txt,manglish/mele-maanaththe-8307413798171499753.txt,https://grejolyrics.blogspot.com/2016/12/mele-maanaththe.html,"Imported draft: check lyrics, categories, credits and permission before publishing. | Latin-script text needs review: confirm it is Manglish lyrics and remove any remaining prose. | Generated counterpart script by phonetic transliteration; review spelling and wording before publishing.",,,source/mele-maanaththe-8307413798171499753.html
review,Nee Mathram Mathi,നീ മാത്രം മതി,malayalam/nee-mathram-mathi-4273579320121902772.txt,manglish/nee-mathram-mathi-4273579320121902772.txt,https://grejolyrics.blogspot.com/2016/12/nee-mathram-mathi.html,"Imported draft: check lyrics, categories, credits and permission before publishing. | Latin-script text needs review: confirm it is Manglish lyrics and remove any remaining prose. | Generated counterpart script by phonetic transliteration; review spelling and wording before publishing.",,,source/nee-mathram-mathi-4273579320121902772.html
review,Kaval Malaghamaare,കാവൽ മാലാഖമാരെ,malayalam/kaval-malaghamaare-5064062837535273942.txt,manglish/kaval-malaghamaare-5064062837535273942.txt,https://grejolyrics.blogspot.com/2016/12/kaval-malaghamaare.html,"Imported draft: check lyrics, categories, credits and permission before publishing. | Latin-script text needs review: confirm it is Manglish lyrics and remove any remaining prose. | Generated counterpart script by phonetic transliteration; review spelling and wording before publishing.",,,source/kaval-malaghamaare-5064062837535273942.html
review,Kalvari Kunnil Naadhan,കാൽവരി കുന്നിലെ നാഥൻ,malayalam/kalvari-kunnil-naadhan-8330372784243773051.txt,manglish/kalvari-kunnil-naadhan-8330372784243773051.txt,https://grejolyrics.blogspot.com/2016/12/kalvarikunnil-nadhan.html,"Imported draft: check lyrics, categories, credits and permission before publishing. | Latin-script text needs review: confirm it is Manglish lyrics and remove any remaining prose. | Generated counterpart script by phonetic transliteration; review spelling and wording before publishing.",,,source/kalvari-kunnil-naadhan-8330372784243773051.html
review,Divyakarunyame Hrithin,ദിവ്യകാരുണ്യമേ ഹൃത്തിന്,malayalam/divyakarunyame-hrithin-3260925152151881764.txt,manglish/divyakarunyame-hrithin-3260925152151881764.txt,https://grejolyrics.blogspot.com/2016/12/divyakarunyame-hrithin.html,"Imported draft: check lyrics, categories, credits and permission before publishing. | Extracted URLs from content; review the external links and remaining lyric text. | Latin-script text needs review: confirm it is Manglish lyrics and remove any remaining prose. | Generated counterpart script by phonetic transliteration; review spelling and wording before publishing.",,,source/divyakarunyame-hrithin-3260925152151881764.html
review,Aaba Daivame,ആബെ ദൈവമേ,malayalam/aaba-daivame-5081441076113937487.txt,manglish/aaba-daivame-5081441076113937487.txt,https://grejolyrics.blogspot.com/2016/12/aaba-daivame.html,"Imported draft: check lyrics, categories, credits and permission before publishing. | Latin-script text needs review: confirm it is Manglish lyrics and remove any remaining prose. | Generated counterpart script by phonetic transliteration; review spelling and wording before publishing.",,,source/aaba-daivame-5081441076113937487.html
review,Manikal Muzhangeedumee,മണികൾ മുഴങ്ങീടുമീ,malayalam/manikal-muzhangeedumee-5338209666325456235.txt,manglish/manikal-muzhangeedumee-5338209666325456235.txt,https://grejolyrics.blogspot.com/2016/12/manikal-muzhangeedumee.html,"Imported draft: check lyrics, categories, credits and permission before publishing. | Extracted URLs from content; review the external links and remaining lyric text. | Latin-script text needs review: confirm it is Manglish lyrics and remove any remaining prose. | Possible duplicate title: compare other source posts before publishing. | Generated counterpart script by phonetic transliteration; review spelling and wording before publishing.",,,source/manikal-muzhangeedumee-5338209666325456235.html
review,Yahoodiyayile,യഹൂദിയായിലെ,malayalam/yahoodiyayile-2915635093578714266.txt,manglish/yahoodiyayile-2915635093578714266.txt,https://grejolyrics.blogspot.com/2016/12/yahoodiyayile.html,"Imported draft: check lyrics, categories, credits and permission before publishing. | Latin-script text needs review: confirm it is Manglish lyrics and remove any remaining prose. | Generated counterpart script by phonetic transliteration; review spelling and wording before publishing.",,,source/yahoodiyayile-2915635093578714266.html
review,Divyakarunyame Eesho,ദിവ്യകാരുണ്യമേ ഈശോ,malayalam/divyakarunyame-eesho-9063615258617812858.txt,manglish/divyakarunyame-eesho-9063615258617812858.txt,https://grejolyrics.blogspot.com/2016/12/divyakarunyame-eesho.html,"Imported draft: check lyrics, categories, credits and permission before publishing. | Latin-script text needs review: confirm it is Manglish lyrics and remove any remaining prose. | Generated counterpart script by phonetic transliteration; review spelling and wording before publishing.",,,source/divyakarunyame-eesho-9063615258617812858.html
review,Ozhukum Moksha,ഒഴുകും മോക്ഷ,malayalam/ozhukum-moksha-5946913185539724906.txt,manglish/ozhukum-moksha-5946913185539724906.txt,https://grejolyrics.blogspot.com/2016/12/ozhukum-moksha.html,"Imported draft: check lyrics, categories, credits and permission before publishing. | Latin-script text needs review: confirm it is Manglish lyrics and remove any remaining prose. | Generated counterpart script by phonetic transliteration; review spelling and wording before publishing.",,,source/ozhukum-moksha-5946913185539724906.html
review,Vishwaprakasham,വിശ്വപ്രകാശം,malayalam/vishwaprakasham-7464443130113518283.txt,manglish/vishwaprakasham-7464443130113518283.txt,https://grejolyrics.blogspot.com/2016/12/vishwaprakasham.html,"Imported draft: check lyrics, categories, credits and permission before publishing. | Latin-script text needs review: confirm it is Manglish lyrics and remove any remaining prose. | Generated counterpart script by phonetic transliteration; review spelling and wording before publishing.",,,source/vishwaprakasham-7464443130113518283.html
review,Ente Esho Ente Swanthameesho,എന്റെ ഈശോ എന്റെ സ്വന്തംഈശൊ,malayalam/ente-esho-ente-swanthameesho-8015770092208173437.txt,manglish/ente-esho-ente-swanthameesho-8015770092208173437.txt,https://grejolyrics.blogspot.com/2016/12/ente-esho-ente-swanthameesho.html,"Imported draft: check lyrics, categories, credits and permission before publishing. | Latin-script text needs review: confirm it is Manglish lyrics and remove any remaining prose. | Generated counterpart script by phonetic transliteration; review spelling and wording before publishing.",,,source/ente-esho-ente-swanthameesho-8015770092208173437.html
review,Vinnile Tharakangale,വിണ്ണിലെ താരകങ്ങൾ,malayalam/vinnile-tharakangale-5141984784211966280.txt,manglish/vinnile-tharakangale-5141984784211966280.txt,https://grejolyrics.blogspot.com/2016/12/vinnile-tharakangale.html,"Imported draft: check lyrics, categories, credits and permission before publishing. | Latin-script text needs review: confirm it is Manglish lyrics and remove any remaining prose. | Generated counterpart script by phonetic transliteration; review spelling and wording before publishing.",,,source/vinnile-tharakangale-5141984784211966280.html
review,Annoru Naal Bethlehemil,അന്നൊരു നാൾ ബെത്ലെഹെമിൽ,malayalam/annoru-naal-bethlehemil-1478827097202348569.txt,manglish/annoru-naal-bethlehemil-1478827097202348569.txt,https://grejolyrics.blogspot.com/2016/12/annoru-naal-bethlehemil.html,"Imported draft: check lyrics, categories, credits and permission before publishing. | Latin-script text needs review: confirm it is Manglish lyrics and remove any remaining prose. | Generated counterpart script by phonetic transliteration; review spelling and wording before publishing.",,,source/annoru-naal-bethlehemil-1478827097202348569.html
review,Oh Divyakarunyame Oh Sneha paaramyame,ഓ ദിവ്യകാരുണ്യമേ ഓ സ്നേഹ പാരമ്യമേ,malayalam/oh-divyakarunyame-oh-sneha-paaramyame-2911595421772000647.txt,manglish/oh-divyakarunyame-oh-sneha-paaramyame-2911595421772000647.txt,https://grejolyrics.blogspot.com/2016/12/oh-divyakarunyame-oh-sneha-paaramyame.html,"Imported draft: check lyrics, categories, credits and permission before publishing. | Latin-script text needs review: confirm it is Manglish lyrics and remove any remaining prose. | Generated counterpart script by phonetic transliteration; review spelling and wording before publishing.",,,source/oh-divyakarunyame-oh-sneha-paaramyame-2911595421772000647.html
review,Pokunne Njanum En Graham Thedi,പോകുന്നെ ഞാനും എൻ ഗ്രഹാം തേടി,malayalam/pokunne-njanum-en-graham-thedi-2484670457588026375.txt,manglish/pokunne-njanum-en-graham-thedi-2484670457588026375.txt,https://grejolyrics.blogspot.com/2016/11/pokunne-njanum-en-graham-thedi.html,"Imported draft: check lyrics, categories, credits and permission before publishing. | Latin-script text needs review: confirm it is Manglish lyrics and remove any remaining prose. | Generated counterpart script by phonetic transliteration; review spelling and wording before publishing.",,,source/pokunne-njanum-en-graham-thedi-2484670457588026375.html
review,Thiruvosthi Than,തിരുവോസ്തി തൻ,malayalam/thiruvosthi-than-1553946016909388657.txt,manglish/thiruvosthi-than-1553946016909388657.txt,https://grejolyrics.blogspot.com/2016/10/thiruvosthi-than.html,"Imported draft: check lyrics, categories, credits and permission before publishing. | Latin-script text needs review: confirm it is Manglish lyrics and remove any remaining prose. | Generated counterpart script by phonetic transliteration; review spelling and wording before publishing.",,,source/thiruvosthi-than-1553946016909388657.html
review,Oshana Jayageetham,ഓശാന ജയഗീതം,malayalam/oshana-jayageetham-7781554898074278635.txt,manglish/oshana-jayageetham-7781554898074278635.txt,https://grejolyrics.blogspot.com/2016/10/oshana-jayageetham.html,"Imported draft: check lyrics, categories, credits and permission before publishing. | Latin-script text needs review: confirm it is Manglish lyrics and remove any remaining prose. | Generated counterpart script by phonetic transliteration; review spelling and wording before publishing.",,,source/oshana-jayageetham-7781554898074278635.html
review,Onnu Vilichal,ഒന്ന് വിളിച്ചാൽ,malayalam/onnu-vilichal-7220327537712792006.txt,manglish/onnu-vilichal-7220327537712792006.txt,https://grejolyrics.blogspot.com/2016/10/onnu-vilichal.html,"Imported draft: check lyrics, categories, credits and permission before publishing. | Latin-script text needs review: confirm it is Manglish lyrics and remove any remaining prose. | Generated counterpart script by phonetic transliteration; review spelling and wording before publishing.",,,source/onnu-vilichal-7220327537712792006.html
review,Neerchalukal Pol,നീർച്ചാലുകൾ പോൽ,malayalam/neerchalukal-pol-3024649783409869774.txt,manglish/neerchalukal-pol-3024649783409869774.txt,https://grejolyrics.blogspot.com/2016/10/neerchalukal-pol.html,"Imported draft: check lyrics, categories, credits and permission before publishing. | Latin-script text needs review: confirm it is Manglish lyrics and remove any remaining prose. | Generated counterpart script by phonetic transliteration; review spelling and wording before publishing.",,,source/neerchalukal-pol-3024649783409869774.html
review,Altharayil Anuthapamode,അൾത്താരയിൽ അനുതാപമോടെ,malayalam/altharayil-anuthapamode-5881445901517562090.txt,manglish/altharayil-anuthapamode-5881445901517562090.txt,https://grejolyrics.blogspot.com/2016/10/altharayil-anuthapamode.html,"Imported draft: check lyrics, categories, credits and permission before publishing. | Latin-script text needs review: confirm it is Manglish lyrics and remove any remaining prose. | Generated counterpart script by phonetic transliteration; review spelling and wording before publishing.",,,source/altharayil-anuthapamode-5881445901517562090.html
review,Sakrari Thannil,സക്രാരി തന്നിൽ,malayalam/sakrari-thannil-3207856301550629298.txt,manglish/sakrari-thannil-3207856301550629298.txt,https://grejolyrics.blogspot.com/2016/10/sakrari-thannil-nithyam-vazhunna.html,"Imported draft: check lyrics, categories, credits and permission before publishing. | Latin-script text needs review: confirm it is Manglish lyrics and remove any remaining prose. | Generated counterpart script by phonetic transliteration; review spelling and wording before publishing.",,,source/sakrari-thannil-3207856301550629298.html
review,Ethrayum Dayayulla Mathave Cholli,എത്രയും ദയയുള്ള മാതാവേ ചൊല്ലി,malayalam/ethrayum-dayayulla-mathave-cholli-1630723692596600268.txt,manglish/ethrayum-dayayulla-mathave-cholli-1630723692596600268.txt,https://grejolyrics.blogspot.com/2016/10/ethrayum-dayayulla-mathave-cholli.html,"Imported draft: check lyrics, categories, credits and permission before publishing. | Latin-script text needs review: confirm it is Manglish lyrics and remove any remaining prose. | Generated counterpart script by phonetic transliteration; review spelling and wording before publishing.",,,source/ethrayum-dayayulla-mathave-cholli-1630723692596600268.html
review,Oruvakku Chollan,ഒരുവാക്ക് ചൊല്ലാൻ,malayalam/oruvakku-chollan-806302716771405617.txt,manglish/oruvakku-chollan-806302716771405617.txt,https://grejolyrics.blogspot.com/2016/10/oruvakku-chollan.html,"Imported draft: check lyrics, categories, credits and permission before publishing. | Latin-script text needs review: confirm it is Manglish lyrics and remove any remaining prose. | Generated counterpart script by phonetic transliteration; review spelling and wording before publishing.",,,source/oruvakku-chollan-806302716771405617.html
review,Althara Orungi,അൾത്താര ഒരുങ്ങി,malayalam/althara-orungi-3937524346992784535.txt,manglish/althara-orungi-3937524346992784535.txt,https://grejolyrics.blogspot.com/2016/10/althara-orungi.html,"Imported draft: check lyrics, categories, credits and permission before publishing. | Latin-script text needs review: confirm it is Manglish lyrics and remove any remaining prose. | Generated counterpart script by phonetic transliteration; review spelling and wording before publishing.",,,source/althara-orungi-3937524346992784535.html
review,Itha Pallimanikal,ഇതാ പള്ളിമണികൾ,malayalam/itha-pallimanikal-2502521102308156606.txt,manglish/itha-pallimanikal-2502521102308156606.txt,https://grejolyrics.blogspot.com/2016/10/itha-pallimanikal.html,"Imported draft: check lyrics, categories, credits and permission before publishing. | Latin-script text needs review: confirm it is Manglish lyrics and remove any remaining prose. | Generated counterpart script by phonetic transliteration; review spelling and wording before publishing.",,,source/itha-pallimanikal-2502521102308156606.html
review,Panthakustha naalil,പന്തക്കുസ്ത നാളിൽ,malayalam/panthakustha-naalil-7695938486992319553.txt,manglish/panthakustha-naalil-7695938486992319553.txt,https://grejolyrics.blogspot.com/2016/10/panthakustha-naalil.html,"Imported draft: check lyrics, categories, credits and permission before publishing. | Latin-script text needs review: confirm it is Manglish lyrics and remove any remaining prose. | Generated counterpart script by phonetic transliteration; review spelling and wording before publishing.",,,source/panthakustha-naalil-7695938486992319553.html
review,Elimayenna paramapunyam,എളിമയെന്ന പരാമപുണ്യം,malayalam/elimayenna-paramapunyam-7271066646527492656.txt,manglish/elimayenna-paramapunyam-7271066646527492656.txt,https://grejolyrics.blogspot.com/2016/10/elimayenna-paramapunyam.html,"Imported draft: check lyrics, categories, credits and permission before publishing. | Latin-script text needs review: confirm it is Manglish lyrics and remove any remaining prose. | Generated counterpart script by phonetic transliteration; review spelling and wording before publishing.",,,source/elimayenna-paramapunyam-7271066646527492656.html
review,Vijaya Mathave,വിജയ മാതാവേ,malayalam/vijaya-mathave-2706123341688333333.txt,manglish/vijaya-mathave-2706123341688333333.txt,https://grejolyrics.blogspot.com/2016/10/vijaya-mathave.html,"Imported draft: check lyrics, categories, credits and permission before publishing. | Latin-script text needs review: confirm it is Manglish lyrics and remove any remaining prose. | Generated counterpart script by phonetic transliteration; review spelling and wording before publishing.",,,source/vijaya-mathave-2706123341688333333.html
review,Swasthi Japamala Rani,സ്വസ്തി ജപമാല റാണി,malayalam/swasthi-japamala-rani-714844097327010097.txt,manglish/swasthi-japamala-rani-714844097327010097.txt,https://grejolyrics.blogspot.com/2016/10/swasthi-japamala-rani.html,"Imported draft: check lyrics, categories, credits and permission before publishing. | Latin-script text needs review: confirm it is Manglish lyrics and remove any remaining prose. | Generated counterpart script by phonetic transliteration; review spelling and wording before publishing.",,,source/swasthi-japamala-rani-714844097327010097.html
review,Aaradhanakkettam Yogyanaayavane,ആരാധനക്കേറ്റം യോഗ്യനായവനെ,malayalam/aaradhanakkettam-yogyanaayavane-6874685193061617726.txt,manglish/aaradhanakkettam-yogyanaayavane-6874685193061617726.txt,https://grejolyrics.blogspot.com/2016/10/aaradhanakkettam-yogyanaayavane.html,"Imported draft: check lyrics, categories, credits and permission before publishing. | Latin-script text needs review: confirm it is Manglish lyrics and remove any remaining prose. | Generated counterpart script by phonetic transliteration; review spelling and wording before publishing.",,,source/aaradhanakkettam-yogyanaayavane-6874685193061617726.html
review,Baliyarppikkan Varuvin,ബലിയർപ്പിക്കാൻ വരുവിൻ,malayalam/baliyarppikkan-varuvin-766278055312115652.txt,manglish/baliyarppikkan-varuvin-766278055312115652.txt,https://grejolyrics.blogspot.com/2016/10/baliyarppikkan-varuvin.html,"Imported draft: check lyrics, categories, credits and permission before publishing. | Latin-script text needs review: confirm it is Manglish lyrics and remove any remaining prose. | Generated counterpart script by phonetic transliteration; review spelling and wording before publishing.",,,source/baliyarppikkan-varuvin-766278055312115652.html
review,Oh paavanathmaave,ഓ പാവനാത്മാവേ,malayalam/oh-paavanathmaave-1068034476431608736.txt,manglish/oh-paavanathmaave-1068034476431608736.txt,https://grejolyrics.blogspot.com/2016/10/oh-paavanathmaave.html,"Imported draft: check lyrics, categories, credits and permission before publishing. | Latin-script text needs review: confirm it is Manglish lyrics and remove any remaining prose. | Generated counterpart script by phonetic transliteration; review spelling and wording before publishing.",,,source/oh-paavanathmaave-1068034476431608736.html
review,Ella neravum sthuthi paadum,എല്ലാ നേരവും സ്തുതി പാടും,malayalam/ella-neravum-sthuthi-paadum-1453100825903134686.txt,manglish/ella-neravum-sthuthi-paadum-1453100825903134686.txt,https://grejolyrics.blogspot.com/2016/10/ella-neravum-sthuthi-paadum.html,"Imported draft: check lyrics, categories, credits and permission before publishing. | Latin-script text needs review: confirm it is Manglish lyrics and remove any remaining prose. | Generated counterpart script by phonetic transliteration; review spelling and wording before publishing.",,,source/ella-neravum-sthuthi-paadum-1453100825903134686.html
review,Naavil en eesho than naamam,നാവിൽ എൻ ഈശോ തൻ നാമം,malayalam/naavil-en-eesho-than-naamam-3848964149026107245.txt,manglish/naavil-en-eesho-than-naamam-3848964149026107245.txt,https://grejolyrics.blogspot.com/2016/10/naavil-en-eesho-than-naamam.html,"Imported draft: check lyrics, categories, credits and permission before publishing. | Latin-script text needs review: confirm it is Manglish lyrics and remove any remaining prose. | Generated counterpart script by phonetic transliteration; review spelling and wording before publishing.",,,source/naavil-en-eesho-than-naamam-3848964149026107245.html
review,Manassoru Sacrariyay,മനസ്സൊരു സെക്രറിയായ്,malayalam/manassoru-sacrariyay-2784294285229204806.txt,manglish/manassoru-sacrariyay-2784294285229204806.txt,https://grejolyrics.blogspot.com/2016/10/manasoru-sacrariyay.html,"Imported draft: check lyrics, categories, credits and permission before publishing. | Latin-script text needs review: confirm it is Manglish lyrics and remove any remaining prose. | Generated counterpart script by phonetic transliteration; review spelling and wording before publishing.",,,source/manassoru-sacrariyay-2784294285229204806.html
no_lyrics,Latest Short Syro Malabar Qurbana Karaoke,,,,https://grejolyrics.blogspot.com/2023/05/latest-short-syro-malabar-qurbana.html,"Imported draft: check lyrics, categories, credits and permission before publishing. | More than ten external links: only the first ten retained; review this possible download collection. | Extracted URLs from content; review the external links and remaining lyric text. | Media-only post: no importable lyrics; keep unpublished or exclude.",,,source/latest-short-syro-malabar-qurbana-karaoke-7949997292756494569.html
chord-notation,Aaradhichidam Kumbittaradhichidam Chords,,,,https://grejolyrics.blogspot.com/2022/07/aaradhichidam-kumbittaradhichidam-chords.html,"Imported draft: check lyrics, categories, credits and permission before publishing. | Chord notation remains in the extracted text; separate lyrics from the arrangement before upload. | No importable lyric text found.",review/aaradhichidam-kumbittaradhichidam-chords-5427400991440121204.txt,chord-notation,source/aaradhichidam-kumbittaradhichidam-chords-5427400991440121204.html
chord-notation,Aaradhyan Yesupara Chords,,,,https://grejolyrics.blogspot.com/2022/07/aaradhyan-yesupara-chords.html,"Imported draft: check lyrics, categories, credits and permission before publishing. | Chord notation remains in the extracted text; separate lyrics from the arrangement before upload. | No importable lyric text found.",review/aaradhyan-yesupara-chords-8052702511929685814.txt,chord-notation,source/aaradhyan-yesupara-chords-8052702511929685814.html
chord-notation,Thiruvosthiyaay ennil anayum Chords,,,,https://grejolyrics.blogspot.com/2022/07/thiruvosthiyaay-ennil-anayum-chords.html,"Imported draft: check lyrics, categories, credits and permission before publishing. | Chord notation remains in the extracted text; separate lyrics from the arrangement before upload. | No importable lyric text found.",review/thiruvosthiyaay-ennil-anayum-chords-8709047339066987997.txt,chord-notation,source/thiruvosthiyaay-ennil-anayum-chords-8709047339066987997.html
chord-notation,Abhishekathode Adhikarathode  Chords,,,,https://grejolyrics.blogspot.com/2022/07/abhishekathode-adhikarathode-chords.html,"Imported draft: check lyrics, categories, credits and permission before publishing. | Chord notation remains in the extracted text; separate lyrics from the arrangement before upload. | No importable lyric text found. | Possible duplicate title: compare other source posts before publishing.",review/abhishekathode-adhikarathode-chords-3131390202891173280.txt,chord-notation,source/abhishekathode-adhikarathode-chords-3131390202891173280.html
multiple-songs,Syro Malabar Rasa Qurbana Songs,,,,https://grejolyrics.blogspot.com/2022/06/syro-malabar-rasa-qurbana-songs.html,"Imported draft: check lyrics, categories, credits and permission before publishing. | Multiple separately headed hymns share this post; split and review them before upload. | Media-only post: no importable lyrics; keep unpublished or exclude.",review/syro-malabar-rasa-qurbana-songs-1659740555254951777.txt,multiple-songs,source/syro-malabar-rasa-qurbana-songs-1659740555254951777.html
chord-notation,Aa Karatharil Mukhamonnamarthi Chords,,,,https://grejolyrics.blogspot.com/2022/06/aa-karatharil-mukhamonnamarthi-chords.html,"Imported draft: check lyrics, categories, credits and permission before publishing. | Chord notation remains in the extracted text; separate lyrics from the arrangement before upload. | No importable lyric text found.",review/aa-karatharil-mukhamonnamarthi-chords-5515167742656897878.txt,chord-notation,source/aa-karatharil-mukhamonnamarthi-chords-5515167742656897878.html
chord-notation,Aaraadhanakketam yogyanaayavane Chords,,,,https://grejolyrics.blogspot.com/2022/06/aaraadhanakketam-yogyanaayavane-chords.html,"Imported draft: check lyrics, categories, credits and permission before publishing. | Chord notation remains in the extracted text; separate lyrics from the arrangement before upload. | No importable lyric text found.",review/aaraadhanakketam-yogyanaayavane-chords-7869423684760961871.txt,chord-notation,source/aaraadhanakketam-yogyanaayavane-chords-7869423684760961871.html
chord-notation,Aahlada chithirai Chords,,,,https://grejolyrics.blogspot.com/2022/02/aahlada-chithirai-chords.html,"Imported draft: check lyrics, categories, credits and permission before publishing. | Chord notation remains in the extracted text; separate lyrics from the arrangement before upload. | No importable lyric text found.",review/aahlada-chithirai-chords-2005873668626986543.txt,chord-notation,source/aahlada-chithirai-chords-2005873668626986543.html
chord-notation,Annayunitha Njangal Chords,,,,https://grejolyrics.blogspot.com/2022/02/annayunitha-njangal-chords.html,"Imported draft: check lyrics, categories, credits and permission before publishing. | Chord notation remains in the extracted text; separate lyrics from the arrangement before upload. | No importable lyric text found.",review/annayunitha-njangal-chords-5461094874468654695.txt,chord-notation,source/annayunitha-njangal-chords-5461094874468654695.html
chord-notation,Baliyarppikan varuvin Chords,,,,https://grejolyrics.blogspot.com/2022/02/baliyarppikan-varuvin-chords.html,"Imported draft: check lyrics, categories, credits and permission before publishing. | Chord notation remains in the extracted text; separate lyrics from the arrangement before upload. | No importable lyric text found.",review/baliyarppikan-varuvin-chords-8047225422957180667.txt,chord-notation,source/baliyarppikan-varuvin-chords-8047225422957180667.html
chord-notation,Althaarayil Poojya Chords,,,,https://grejolyrics.blogspot.com/2022/02/althaarayil-poojya-chords.html,"Imported draft: check lyrics, categories, credits and permission before publishing. | Chord notation remains in the extracted text; separate lyrics from the arrangement before upload. | No importable lyric text found.",review/althaarayil-poojya-chords-2667470742300819271.txt,chord-notation,source/althaarayil-poojya-chords-2667470742300819271.html
chord-notation,Althaarayil athma Baliyayi Chords,,,,https://grejolyrics.blogspot.com/2022/02/althaarayil-athma-baliyayi-chords.html,"Imported draft: check lyrics, categories, credits and permission before publishing. | Chord notation remains in the extracted text; separate lyrics from the arrangement before upload. | No importable lyric text found.",review/althaarayil-athma-baliyayi-chords-5699718505486668471.txt,chord-notation,source/althaarayil-athma-baliyayi-chords-5699718505486668471.html
chord-notation,Baliyarppanathinay varunnu njangal Chords,,,,https://grejolyrics.blogspot.com/2022/02/baliyarppanathinay-varunnu-njangal.html,"Imported draft: check lyrics, categories, credits and permission before publishing. | Chord notation remains in the extracted text; separate lyrics from the arrangement before upload. | No importable lyric text found.",review/baliyarppanathinay-varunnu-njangal-chords-3216219291353683301.txt,chord-notation,source/baliyarppanathinay-varunnu-njangal-chords-3216219291353683301.html
chord-notation,Baliyayi Thirumunpil Chords,,,,https://grejolyrics.blogspot.com/2022/02/baliyayi-thirumunpil-chords.html,"Imported draft: check lyrics, categories, credits and permission before publishing. | Chord notation remains in the extracted text; separate lyrics from the arrangement before upload. | No importable lyric text found.",review/baliyayi-thirumunpil-chords-8953530939107601717.txt,chord-notation,source/baliyayi-thirumunpil-chords-8953530939107601717.html
chord-notation,Kaalvari Kunnil Naadhan Chords,,,,https://grejolyrics.blogspot.com/2022/02/kaalvari-kunnil-naadhan-chords.html,"Imported draft: check lyrics, categories, credits and permission before publishing. | Chord notation remains in the extracted text; separate lyrics from the arrangement before upload. | No importable lyric text found.",review/kaalvari-kunnil-naadhan-chords-5024319372996883299.txt,chord-notation,source/kaalvari-kunnil-naadhan-chords-5024319372996883299.html
chord-notation,Yahova Thanne Chords,,,,https://grejolyrics.blogspot.com/2021/12/yahova-thanne-chords-god-shwetha-mohan.html,"Imported draft: check lyrics, categories, credits and permission before publishing. | Chord notation remains in the extracted text; separate lyrics from the arrangement before upload. | No importable lyric text found.",review/yahova-thanne-chords-8676058545947531570.txt,chord-notation,source/yahova-thanne-chords-8676058545947531570.html
chord-notation,Srishtikale Stuthi Paaduvin Chords,,,,https://grejolyrics.blogspot.com/2021/11/srishtikale-stuthi-paaduvin-chords.html,"Imported draft: check lyrics, categories, credits and permission before publishing. | Extracted URLs from content; review the external links and remaining lyric text. | Chord notation remains in the extracted text; separate lyrics from the arrangement before upload. | Media-only post: no importable lyrics; keep unpublished or exclude.",review/srishtikale-stuthi-paaduvin-chords-2165401334906248192.txt,chord-notation,source/srishtikale-stuthi-paaduvin-chords-2165401334906248192.html
chord-notation,Divyakarunyame Hrithin Chords,,,,https://grejolyrics.blogspot.com/2021/10/divyakarunyame-hrithin-chords.html,"Imported draft: check lyrics, categories, credits and permission before publishing. | Extracted URLs from content; review the external links and remaining lyric text. | Chord notation remains in the extracted text; separate lyrics from the arrangement before upload. | Media-only post: no importable lyrics; keep unpublished or exclude.",review/divyakarunyame-hrithin-chords-6824477241293692393.txt,chord-notation,source/divyakarunyame-hrithin-chords-6824477241293692393.html
chord-notation,Daivam Thannathallathonnum Chords,,,,https://grejolyrics.blogspot.com/2021/10/daivam-thannathallathonnum-chords.html,"Imported draft: check lyrics, categories, credits and permission before publishing. | Chord notation remains in the extracted text; separate lyrics from the arrangement before upload. | No importable lyric text found.",review/daivam-thannathallathonnum-chords-2616578772721946412.txt,chord-notation,source/daivam-thannathallathonnum-chords-2616578772721946412.html
chord-notation,Gloria Paattukal Chords,,,,https://grejolyrics.blogspot.com/2021/10/gloria-paattukal-chords.html,"Imported draft: check lyrics, categories, credits and permission before publishing. | Extracted URLs from content; review the external links and remaining lyric text. | Chord notation remains in the extracted text; separate lyrics from the arrangement before upload. | Media-only post: no importable lyrics; keep unpublished or exclude.",review/gloria-paattukal-chords-1818431498199130412.txt,chord-notation,source/gloria-paattukal-chords-1818431498199130412.html
chord-notation,Minnum Minnum Raavil Chords,,,,https://grejolyrics.blogspot.com/2021/10/minnum-minnum-raavil-chords.html,"Imported draft: check lyrics, categories, credits and permission before publishing. | Chord notation remains in the extracted text; separate lyrics from the arrangement before upload. | No importable lyric text found.",review/minnum-minnum-raavil-chords-912284339082375125.txt,chord-notation,source/minnum-minnum-raavil-chords-912284339082375125.html
chord-notation,Amme Ente Amme Chords,,,,https://grejolyrics.blogspot.com/2021/10/amme-ente-amme-chords.html,"Imported draft: check lyrics, categories, credits and permission before publishing. | Extracted URLs from content; review the external links and remaining lyric text. | Chord notation remains in the extracted text; separate lyrics from the arrangement before upload. | Media-only post: no importable lyrics; keep unpublished or exclude.",review/amme-ente-amme-chords-5474946252314195534.txt,chord-notation,source/amme-ente-amme-chords-5474946252314195534.html
image-only,Entho nee thiranju vannee,,,,https://grejolyrics.blogspot.com/2020/06/entho-nee-thiranju-vannee-malayalam.html,"Imported draft: check lyrics, categories, credits and permission before publishing. | Extracted URLs from content; review the external links and remaining lyric text. | Lyrics are in images; no OCR or transcription was generated. Review the preserved source HTML. | Media-only post: no importable lyrics; keep unpublished or exclude. | Possible duplicate title: compare other source posts before publishing.",review/entho-nee-thiranju-vannee-8936795683805259737.txt,image-only,source/entho-nee-thiranju-vannee-8936795683805259737.html
unsupported-language,Yehova yire Chords,,,,https://grejolyrics.blogspot.com/2019/07/yehova-yire-chords-nee-mathram-mathi.html,"Imported draft: check lyrics, categories, credits and permission before publishing. | Source contains English or Hindi lyrics, not Manglish; original text retained for language review. | Media-only post: no importable lyrics; keep unpublished or exclude.",review/yehova-yire-chords-5211936272090014315.txt,unsupported-language,source/yehova-yire-chords-5211936272090014315.html
chord-notation,Yehova Yireh Chords,,,,https://grejolyrics.blogspot.com/2019/07/yehova-yireh-chords-nee-mathram-mathi.html,"Imported draft: check lyrics, categories, credits and permission before publishing. | Chord notation remains in the extracted text; separate lyrics from the arrangement before upload. | Media-only post: no importable lyrics; keep unpublished or exclude.",review/yehova-yireh-chords-3458953923837164729.txt,chord-notation,source/yehova-yireh-chords-3458953923837164729.html
chord-notation,Daiva Sneham Varnichidan Chords,,,,https://grejolyrics.blogspot.com/2019/07/daiva-sneham-varnichidan-chords.html,"Imported draft: check lyrics, categories, credits and permission before publishing. | Chord notation remains in the extracted text; separate lyrics from the arrangement before upload. | No importable lyric text found.",review/daiva-sneham-varnichidan-chords-9162823684747299452.txt,chord-notation,source/daiva-sneham-varnichidan-chords-9162823684747299452.html
chord-notation,Krooshil Kandu Njan Chords,,,,https://grejolyrics.blogspot.com/2019/07/krooshil-kandu-njan-chords.html,"Imported draft: check lyrics, categories, credits and permission before publishing. | Chord notation remains in the extracted text; separate lyrics from the arrangement before upload. | No importable lyric text found.",review/krooshil-kandu-njan-chords-2241515917372996508.txt,chord-notation,source/krooshil-kandu-njan-chords-2241515917372996508.html
chord-notation,Thirunama Keerthanam Chords,,,,https://grejolyrics.blogspot.com/2019/07/thirunama-keerthanam-chords.html,"Imported draft: check lyrics, categories, credits and permission before publishing. | Chord notation remains in the extracted text; separate lyrics from the arrangement before upload. | No importable lyric text found.",review/thirunama-keerthanam-chords-5808977700941903401.txt,chord-notation,source/thirunama-keerthanam-chords-5808977700941903401.html
chord-notation,Abhishekathode Adhikarathode Chords,,,,https://grejolyrics.blogspot.com/2019/02/abhishekathode-adhikarathode-chords.html,"Imported draft: check lyrics, categories, credits and permission before publishing. | Chord notation remains in the extracted text; separate lyrics from the arrangement before upload. | No importable lyric text found. | Possible duplicate title: compare other source posts before publishing.",review/abhishekathode-adhikarathode-chords-4730022267091588765.txt,chord-notation,source/abhishekathode-adhikarathode-chords-4730022267091588765.html
chord-notation,Aaswaasathin Urhavidamaam Chords,,,,https://grejolyrics.blogspot.com/2019/02/aaswaasathin-urhavidamaam-chords.html,"Imported draft: check lyrics, categories, credits and permission before publishing. | Chord notation remains in the extracted text; separate lyrics from the arrangement before upload. | No importable lyric text found.",review/aaswaasathin-urhavidamaam-chords-2757882528870908452.txt,chord-notation,source/aaswaasathin-urhavidamaam-chords-2757882528870908452.html
no_lyrics,Hindi Qurbana Songs Syro Malabar,,,,https://grejolyrics.blogspot.com/2018/09/hindi-qurbana-songs-syro-malabar-hindi.html,"Imported draft: check lyrics, categories, credits and permission before publishing. | Media-only post: no importable lyrics; keep unpublished or exclude.",,,source/hindi-qurbana-songs-syro-malabar-1820087121529668541.html
unsupported-language,There shall be showers of blessing,,,,https://grejolyrics.blogspot.com/2018/07/there-shall-be-showers-of-blessing.html,"Imported draft: check lyrics, categories, credits and permission before publishing. | Source contains English or Hindi lyrics, not Manglish; original text retained for language review. | No importable lyric text found.",review/there-shall-be-showers-of-blessing-7467296383819479544.txt,unsupported-language,source/there-shall-be-showers-of-blessing-7467296383819479544.html
unsupported-language,Blessed Assurance,,,,https://grejolyrics.blogspot.com/2018/06/blessed-assurance.html,"Imported draft: check lyrics, categories, credits and permission before publishing. | Source contains English or Hindi lyrics, not Manglish; original text retained for language review. | No importable lyric text found.",review/blessed-assurance-653406135880047531.txt,unsupported-language,source/blessed-assurance-653406135880047531.html
unsupported-language,Lord I Need You,,,,https://grejolyrics.blogspot.com/2018/06/lord-i-need-you-matt-maher.html,"Imported draft: check lyrics, categories, credits and permission before publishing. | Source contains English or Hindi lyrics, not Manglish; original text retained for language review. | No importable lyric text found.",review/lord-i-need-you-8891548616016530348.txt,unsupported-language,source/lord-i-need-you-8891548616016530348.html
unsupported-language,10000 Reasons,,,,https://grejolyrics.blogspot.com/2018/06/10000-reasons-matt-redman.html,"Imported draft: check lyrics, categories, credits and permission before publishing. | Source contains English or Hindi lyrics, not Manglish; original text retained for language review. | No importable lyric text found.",review/10000-reasons-8974880354421202274.txt,unsupported-language,source/10000-reasons-8974880354421202274.html
multiple-songs,Syro Malabar Marriage Songs,,,,https://grejolyrics.blogspot.com/2018/04/syro-malabar-marriage-songs.html,"Imported draft: check lyrics, categories, credits and permission before publishing. | Multiple separately headed hymns share this post; split and review them before upload. | No importable lyric text found.",review/syro-malabar-marriage-songs-4048871075412699486.txt,multiple-songs,source/syro-malabar-marriage-songs-4048871075412699486.html
index-only,Mother Mary Songs,,,,https://grejolyrics.blogspot.com/2017/10/mother-mary-songs-october-songs.html,"Imported draft: check lyrics, categories, credits and permission before publishing. | More than ten external links: only the first ten retained; review this possible download collection. | Legacy HTTP links were upgraded for known providers or omitted; check links against the source. | Index of other song posts, not a lyric entry. | Media-only post: no importable lyrics; keep unpublished or exclude.",review/mother-mary-songs-2065110906634477698.txt,index-only,source/mother-mary-songs-2065110906634477698.html
unsupported-language,Lekhar khao,,,,https://grejolyrics.blogspot.com/2017/05/lekhar-khao-hindi-devotional.html,"Imported draft: check lyrics, categories, credits and permission before publishing. | Source contains English or Hindi lyrics, not Manglish; original text retained for language review. | No importable lyric text found.",review/lekhar-khao-2317786297776393823.txt,unsupported-language,source/lekhar-khao-2317786297776393823.html
unsupported-language,Lord I Lift Your Name(Eng +Hin),,,,https://grejolyrics.blogspot.com/2017/02/lord-i-lift-your-nameeng-hin.html,"Imported draft: check lyrics, categories, credits and permission before publishing. | Source contains English or Hindi lyrics, not Manglish; original text retained for language review. | No importable lyric text found.",review/lord-i-lift-your-name-eng-hin-3674504320875468804.txt,unsupported-language,source/lord-i-lift-your-name-eng-hin-3674504320875468804.html
unsupported-language,More Love More Power,,,,https://grejolyrics.blogspot.com/2016/10/more-love-more-power.html,"Imported draft: check lyrics, categories, credits and permission before publishing. | Source contains English or Hindi lyrics, not Manglish; original text retained for language review. | No importable lyric text found.",review/more-love-more-power-8933912427001022538.txt,unsupported-language,source/more-love-more-power-8933912427001022538.html
unsupported-language,Light of the World,,,,https://grejolyrics.blogspot.com/2016/10/light-of-world.html,"Imported draft: check lyrics, categories, credits and permission before publishing. | Source contains English or Hindi lyrics, not Manglish; original text retained for language review. | No importable lyric text found.",review/light-of-the-world-1064789329039523778.txt,unsupported-language,source/light-of-the-world-1064789329039523778.html
unsupported-language,Above All,,,,https://grejolyrics.blogspot.com/2016/10/above-all.html,"Imported draft: check lyrics, categories, credits and permission before publishing. | Source contains English or Hindi lyrics, not Manglish; original text retained for language review. | Media-only post: no importable lyrics; keep unpublished or exclude.",review/above-all-8095165510691989318.txt,unsupported-language,source/above-all-8095165510691989318.html
